1,1,विभक्ति,प्रथमा,"कर्तृवाच्य में कर्ता (व्यक्तिनाम, वस्तुनाम आदि) में प्रथमा होती है और कर्मवाच्य में कर्म में प्रथमा होती है । जैसे - रामः पठति । अश्वो धावति । रामेण पाठः पठ्यते ।"
1,2,विभक्ति,सम्बोधन,"किसी के अभिमुखीकरण तथा संमुखीकरण में (सम्बोधन करने में) सम्बोधन विभक्ति होती है । जैसे - हे राम, हे कृष्ण ।"
1,3,विभक्ति,द्वितीया,"(कर्तुरीप्सिततमं कर्म) कर्ता जिसको (व्यक्ति, वस्तु या क्रिया को) विशेष रूप से चाहता है, उसे कर्म कहते है ।"
1,4,विभक्ति,द्वितीया,(कर्मणि द्वितीया) कर्म में द्वितीया विभक्ति होती है । जैसे - सः पुस्तकम् पठति । सः रामम् पश्यति । ते प्रश्नम् पृच्छन्ति ।
1,5,विभक्ति,द्वितीया,"(अभितःपरितःसमयानिकषाहाप्रतियोगेअपि) अभितः, परितः, समया, निकषा, हा और प्रति के साथ द्वितीया विभक्ति होती है । जैसे - नृपम् अभितः परितः वा । ग्रामम् समया निकषा वा (गाँव के समीप) । बुभुक्षितम् न प्रतिभाति किंचित् ।"
1,6,विभक्ति,द्वितीया,"(उभसर्वतसोः कार्या) उभयतः, सर्वतः, धिक् उपर्युपरि, अधोअधः अध्याधि के साथ द्वितीया विभक्ति होती है । जैसे - कृष्णमुभयतो गोपाः । नृपम् सर्वतो जनाः । धिक् नास्तिकम् ।"
1,7,विभक्ति,द्वितीया,"गति (चलना, हिलना, जाना) अर्थ की धातुओं के साथ द्वितीया विभक्ति होती है । जैसे - गृहम् गच्छति । वनम् विचरति । तृप्तिम् ययौ । मम स्मृतिम् यातः । उमाख्याम् जगाम । निद्राम् ययौ ।"
1,8,विभक्ति,द्वितीया,"अकर्मक धातुएँ उपसर्ग पहले लगाने से प्रायः अर्थानुसार सकर्मक हो जाती हैं, उनके साथ द्वितीया विभक्ति होती है । जैसे - हर्षमनुभवति । सः खलम् अभिभवति । सः शत्रुम् परिभवति पराभवति वा । वृक्षमारोहति । दिवमुत्पतति । स्वामिचित्तमनुवर्तते ।"
1,9,विभक्ति,द्वितीया,स्मृ धातु के साथ साघारण स्मरण में द्वितीया विभक्ति होती है । खेदपूर्वक स्मरण में षष्ठी विभक्ति होती है । सः पाठम् स्मरति (वह पाठ याद करता है) । बालः मातुः स्मरति (बालक खेद के साथ माता को याद करता है) ।
2,10,विभक्ति,द्वितीया,(अन्तरान्तरेणयुक्ते) अन्तरा और अन्तरेण के साथ द्वितीया विभक्ति होती है । विना के साथ भी द्वितीया विभक्ति होती है । गङ्गां यमुनां चान्तरा प्रयागः । ज्ञानमन्तरेण न सुखम् । भवन्तमन्तरेण (आपके बारे में) कीदृशो अस्या अनुरागः । श्रमं विना न सिद्धिः ।
2,11,विभक्ति,द्वितीया,"(अधिशीङ्स्थासां कर्म) अधिशी, अधिस्था और अध्यास् धातु के साथ आधार में द्वितीया विभक्ति होती है । आसनमधिशेते, अधितिष्ठति अध्यास्ते वा ।"
2,12,विभक्ति,द्वितीया,"(अभिनिविशश्च) अभि नि विश् धातु के साथ आधार में द्वितीया विभक्ति होती है । अभिनिविशते सन्मार्गम् (सन्मार्ग पर चलता है) । परन्तु, पापे अभिनिवेशः भी रूप बनता है ।"
2,13,विभक्ति,द्वितीया,"(उपान्वध्याङ्वसः) उप, अनु, अधि और आ उपसर्ग के साथ वस् धातु होगी तो उसके आधार में द्वितीया विभक्ति होती है, किन्तु उपवास करना अर्थ में सप्तमी होगी । हरिः वैकुण्ठम् उपवसति अनुवसति अधिवसति आवसति वा (रहता है) । वने उपवसति (वन में उपवास करता है) - उपवास अर्थ के कारण सप्तमी होगी ।"
2,14,विभक्ति,द्वितीया,"(कालाध्वनोरत्यन्तसंयोगे) समय और मार्ग के दूरीवाची शब्दों में द्वितीया विभक्ति होती है, जब कार्य निरन्तर हुआ हो । मासं पठति । क्रोशं गच्छति । क्रोशं कुटिला नदी (नदी एक कोस तक टेढ़ी है) ।"
7,53,विभक्ति,पंचमी,"(अन्तर्धौ येनादर्शनमिच्छति) जिससे छिपना चाहता है, उसमें पंचमी होती है । मातुर्निलीयते कृष्णः (कृष्ण माता से छिपता है) ।"
2,15,विभक्ति,द्वितीया,"इन उपसर्गों के साथ इन अर्थों में द्वितीया विभक्ति होती है - अनु (बाद में, घटिया, किनारे), उप (समीप, घटिया), अति (बढ़कर), अभि (समीप) । क्रमशः उदाहरण हैं - जपमनु प्रावर्षत् । अनु हरिं सुराः । नदीमनु सेना । उप हरिं सुराः । अति देवान् कृष्णः । भक्तो हरिमभि वर्तते ।"
2,16,विभक्ति,द्वितीया,"(दुह्याच्पच्दण्ड्) ये धातुएँ द्विकर्मक हैं । इन अर्थोंवाली अन्य धातुएँ भी द्विकर्मक हैं । इनके साथ दो कर्म होते हैं - दुह्, याच्, पच्, दण्ड्, रुध्, प्रच्छ्, चि, ब्रू, शास्, जि, मथ्, मुश्, नी, ह्य्, कृष्, वह् । जैसे - गां दोग्धि पयः । बलिं याचते वसुधाम् । तण्डुलान् ओदनं पचति । गर्गान् शतं दण्डयति । व्रजमवरुणद्धि गाम् । माणवकं पन्थानं पृच्छति । वृक्षमवचिनोति फलानि । माणवकं धर्मं ब्रूते शास्ति वा । शतं जयति देवदत्तम् । सुधां क्षीरनिधिं मथ्नाति । देवदत्तं शतं मुष्णाति । अजां ग्रामं नयति, हरति, कर्षति, वहति वा ।"
3,17,विभक्ति,तृतीया,(साधकतमं करणम्) क्रिया की सिद्धि में सहायक को करण कहते हैं ।
3,18,विभक्ति,तृतीया,"(कर्तृकरणयोस्तृतीया) करण में तृतीया होती है और कर्मवाच्य या भाववाच्य में कर्ता में । तृतीया मुख्यतः दो अर्थों को बताती है - (1) कर्ता, (2) साधन । जैसे - कुन्दकेन क्रीडति, दण्डेन चलति, बाणेन हन्ति । रामेण गृहं गम्यते । रामेण पाठः पठतिः ।"
3,19,विभक्ति,तृतीया,(प्रकृत्यादिभ्य उपसंख्यानम्) प्रकृति आदि शब्दों में तृतीया होती है । ये शब्द साधारणतया क्रिया-विशेषण या क्रिया-विशेषण वाक्यांश होते हैं । जैसे - प्रकृत्या साधुः । सुखेन जीवति । दुखेन जीवति । नाम्ना रामः अयम् । गोत्रेण काश्यपः । समेनैति । विषमेणैति ।
3,20,विभक्ति,तृतीया,(अपवर्गे तृतीया) समय और मार्ग के दूरीवाची शब्दों में तृतीया होती है यदि कार्य की सफलता बताई जाए । मासेन ग्रन्थः अधीतः । क्रोशेन पाठः अधीतः । दशभिः दिनैः आरोग्यम् लब्धवान् (दस दिन में निरोग हुआ) ।
3,21,विभक्ति,तृतीया,"(सह युक्ते अप्रधाने) सह, साकम्, सार्धम्, समम् आदि के साथ तृतीया होती है, साथ अर्थ हो तो । पित्रा सह साकम् सार्धम् समम् वा गृहम् गच्छति । मृगा मृगैः सङ्गमनुव्रजन्ति (मृग मृगों के साथ चलते हैं) । श्वः त्वं मया सह भोजनं कुरु ।"
3,22,विभक्ति,तृतीया,"(येनाङ्गविकारः) जिस अङ्ग में विकार से शरीर विकृत दिखाई पड़े अर्थात् शरीर ही विकृत माना जाय, उसमें तृतीया होती है । नेत्रेण काणः । पादेन खञ्जः । कर्णेन बधिरः । शिरसा खल्वाटः ।"
3,23,विभक्ति,तृतीया,"(इत्थंभूतलक्षणे) जिस चिह्न से किसि व्यक्ति या वस्तु का बोध होता है, उसमें तृतीया होती है । जटाभिः तापसः । कूर्चेन यवनः । शिखया हिन्दुः ।"
3,24,विभक्ति,तृतीया,(हेतौ) कारण बोधक शब्दों में तृतीया होती है । अध्ययनेन वसति । पुण्येन दृष्टः हरिः । श्रमेण धनं विद्या वा भवति । विद्यया यशो लभते ।
3,25,अन्य,धातु,"लङ्, लुङ्, और लृङ् में अ य आ शुद्ध धातु से पहले हि लगेगा, उपसर्ग से पूर्व नहीं । अतः उपसर्गयुक्त धातुओं में लङ् आदि में धातु से पहले अ य आ लगाकर उपसर्ग मिलावें । (सन्धिकार्य भी करें) जैसे - अनुगम् > अन्वगच्छत्, उद्गम् > उदगच्छत् ।"
4,26,विभक्ति,तृतीया,"(गम्यमानापि क्रिया कारकविभक्तौ प्रयोजिका) अलम् और कृतम् के साथ तृतीया होती है, यदि बस या मत अर्थ हो तो । जैसे - अलं श्रमेण । कृतम् अत्यादरेण । अलम् के साथ इन अर्थों में कत्वा (ल्यप्) प्रत्यय भी होता है । अलमन्यथा सम्भाव्य (उलटा न समझें) ।"
15,114,संख्या,बहुवचन,त्रि से अष्टादशन् (3-18) तक सारे शब्द तथा 'कति' शब्द सदा बहुवचन में ही आते हैं ।
4,27,विभक्ति,तृतीया,"किम्, कार्यम्, अर्थः, प्रयोजनम्, गुणः के साथ तथा किं+कृ धातु के साथ तृतीया होती है, यदि प्रयोजन या लाभ अर्थ हो तो । जैसे - मूर्खेण पुत्रेण किम्, किं कार्यम्, को अर्थः, किं प्रयोजनम्, को गुणः, किं क्रियते वा ।"
4,28,विभक्ति,तृतीया,"(पृथग्विना, तुल्यार्थैः अतुलो) पृथक्, विना और तुल्यार्थक शब्दों के साथ तृतीया भी होती है । रामेण पृथक् । प्रियया वियोगः । ज्ञानेन विना । कृष्णेन तुल्यः । पक्ष में पृथक् और विना के साथ द्वितीया और पंचमी भी होती है ।"
4,29,विभक्ति,तृतीया,(कर्तृकरणयोस्तृतीया) करणत्व या क्रिया-वाशेषणत्व के कारण इन स्थानों पर तृतीया होती है । (क) कार्य करने के ढंग में । जैसे - विधिना जयते । (ख) जिस मूल्य से कोई वस्तु खरीदी जाय । जैसे - कियता मूल्येन क्रीतं पुस्तकम् ? शतेन । (ग) यात्रा के साधन में । जैसे - रथेन चरति । विमानेन विगाहमानः । (घ) वहनार्थक धातु के साथ ढोने के साधन में । जैसे - स्कन्धेन शत्रुं वहति । भर्तुराज्ञां मूर्ध्ना आदाय । (ङ) शपथ अर्थ में शपथ की वस्तु में । जैसे - जीवितेन शपामि । आत्मना शपे । (च) युक्त और हीन अर्थ में । जैसे - समायूक्तः अपि अर्थैः अर्थेन हीनः ।
4,30,विभक्ति,तृतीया,"(हेतौ) हेत्वर्थ के कारण इन अर्थों की धातुओं के साथ तृतीया होती है । (क) सन्तुष्ट या प्रसन्न होना, (ख) आश्चर्ययुक्त होना, (ग) लज्जित होना । जैसे - (क) कापुरुषः सु अल्पेन अपि तुष्यति । (ख) तव प्रावीण्येन विस्मितः अस्मि । (ग) अनेन प्रागल्भ्येन लज्जे ।"
4,31,विभक्ति,तृतीया,(हेतौ) उत्कर्ष और सादृश्य अर्थ की धातुऔं के साथ गुण बोधक शब्द में तृतीया होती है । त्वं श्रद्धया पूर्वान् अतिशेते (पूर्वजों से बढ़कर हो) । स्वरेण रामभद्रमनुहरति (आवाज में राम से मिलता है) । अस्य मुखम् मातुः मुखेन संवदति ।
5,32,विभक्ति,चतुर्थी,"(कर्मणा यमभिप्रौति स सम्प्रदानम्, क्रियया यमभिप्रौति स सम्प्रदानम्) दान आदि कार्य या कोई क्रिया जिसके लिए की जाती है, उसे संप्रदान कहते हैं ।"
5,33,विभक्ति,चतुर्थी,(चतुर्थी सम्प्रदाने) संप्रदान में चतुर्थी होती है । जैसे - विप्राय गां ददाति युद्धाय संनह्यते (तैयारी करता है) । विद्यायै यतते । पुत्राय धनं प्रार्थयते ।
5,34,विभक्ति,चतुर्थी,(रुच्यर्थानां प्रीयमाणः) रुच् (अच्छा लगना) अर्थ की धतुओं के साथ चतुर्थी होती है । हरये रोचते भक्तिः । यद् भवते रोचते । बालकाय मोदकं रोचते (बालक को लड्डू अच्छा लगता है) । मह्यं चलचित्रं रोचते ।
5,35,विभक्ति,चतुर्थी,(धारेरुत्तमर्णः) धारि धातु (ऋण लेना) के साथ ऋणदाता में चतुर्थी होती है । देवदत्तो रामाय शतं धारयति (देवदत्त राम का सौ रुपये ऋणि है) ।
5,36,विभक्ति,चतुर्थी,(स्पृहेरीप्सितः) स्पृह् धातु तथा उससे बने शब्दों के साथ इष्ट वस्तु में चतुर्थी होती है । पुष्पेभ्यः स्पृहयति (फूलों को चाहता है) । भोगेभ्यः स्पृहयालवः ।
5,37,विभक्ति,चतुर्थी,"(क्रुधद्रुहेर्ष्यासूयार्थानां यं प्रति कोपः) क्रुध्, द्रुह्, ईर्ष्य्, असूय अर्थ की धातुओं के साथ जिस पर क्रोध किया जाए, उसमें चतुर्थी होती है । रामः मूर्खाय (मूर्ख पर) क्रुध्यति, द्रुह्यति, ईर्ष्यति, असूयति । सीतायै नाक्रुध्यन्नाप्यसूयत । यदि क्रुध् और द्रुह् से पूर्व उपसर्ग होगा तो द्वितीया होती । क्रूरम् अभिक्रुध्यति, अभिद्रुह्यति ।"
5,38,विभक्ति,चतुर्थी,(प्रत्याङ्भ्यां श्रुवः) प्रतिश्रु और आश्रु धातु के साथ प्रतिज्ञा करने के अर्थ में चतुर्थी होती है । विप्राय गां प्रतिशृणोति (गाय देने की प्रतिज्ञा करता है) ।
5,39,विभक्ति,चतुर्थी,"(तादर्थ्ये चतुर्थी वाच्या) जिस प्रयोजन के लिए जो वस्तु या क्रिया होती है, उसमें चतुर्थी होती है । मोक्षाय हरिं भजति । यूपाय दारु । काव्यं यशसे ।"
5,40,विभक्ति,चतुर्थी,"चतुर्थी के अर्थ में अर्थम् और कृते अव्ययों का प्रयोग होता है । अर्थम् के साथ समास होगा और कृते के साथ षष्टी । भोजनार्थम्, भोजनस्य कृते ।"
6,41,विभक्ति,चतुर्थी,"(क) (क्ळपि संपद्यमाने च) क्ळप्, संपद्, जन्, भू, अस् (प) आदि धातुओं के साथ समर्थ होना या होना अर्थ में चतुर्थी होती है । विद्या ज्ञानाय कल्पते संपद्यते जायते वा । कल्पसे रक्षणाय । भू या अस् के प्रयोग के बिना भी चतुर्थी होती है । काव्यं यशसे । (ख) (उत्पातेन) कोई उत्पात किसी अशुभ घटना का संकेत करे तो चतुर्थी होगी । वाताय कपिला विद्युत् । (ग) हित और सुख के साथ चतुर्थी होती है । ब्राह्मणाय हितं सुखं वा ।"
6,42,विभक्ति,चतुर्थी,"(क्रियार्थोपपदस्य च) यदि तुमुन् प्रत्ययान्त धातु का अर्थ गुप्त हो तो कर्म में चतुर्थी होती है । फलेभ्यो याति (फल खाने के लिए) । वनाय गां मुमोच (वन जाने के लिए) । (तुमर्थाच्च) यदि तुमुन् के अर्थ में घञ् प्रत्यय होगा तो भी चतुर्थी होगी । यागाय याति (यष्टुं यातीत्यर्थः, यज्ञ करने के लिए जाता है) ।"
6,43,विभक्ति,चतुर्थी,"(नमःस्वस्तिस्वाहास्वधालंवषड्योगाच्च) नमः, स्वस्ति, स्वाहा, स्वधा, अलम् (तथा पर्याप्त अर्थ वाले अन्य शब्द), वषट् के साथ चतुर्थी होती है । गुरुवे नमः । पुत्राय स्वस्ति । अग्नये स्वाहा । पितृभ्यः स्वधा । इन्द्राय वषट् । हरिः दैत्येभ्यः अलम्, प्रभुः, समर्थः, शक्तः वा । (क) नमस्कृ के साथ साधारणतया द्वितीया होती है । नमस्करोति देवान् । मुनित्रयं नमस्कृत्य । (ख) प्रणाम करना अर्थवाली प्रणम्, प्रणिपत्, आदि धातुओं तथा इनके संज्ञा शब्दों के साथ द्वितीया और चतुर्थी दोनों होती है । जैसे - न प्रणमन्ति देवताभ्यः । तां प्रणनाम । प्रणिपत्य सुरास्तस्मै । धातारं प्रणिपत्य । अस्मै प्रणाममकरवम् । (ग) आशिर्वादार्थक स्वागतम्, कशलम् आदि के साथ चतुर्थी और षष्ठी दोनों होती है । (घ) अलम्, प्रभुः आदि तथा प्र+भू धातु के साथ चतुर्थी होती है । प्रभुर्मल्लो मल्लाय । प्रभवति मल्लाय ।"
6,44,विभक्ति,चतुर्थी,"(क्रियया यमभिप्रौति स सम्प्रदानम्) 'कहना' अर्थ की धातुओं कथ्, ख्या, शंस्, चक्ष्, और निवेदि आदि के साथ तथा 'भेजना' अर्थ की धातुओं प्र+हि, वि+सृज् आदि के साथ चतुर्थी होती है ।मैथिलाय कथयांबभूव सः । आख्याहि मे को भवानुग्ररूपः । होमवेलां गुरवे निवेदयामि । भोजेन दूतो रघवे विसृष्टः ।"
6,45,विभक्ति,चतुर्थी,(मन्यकर्मण्यनादरे) अनादर अर्थ में मन् धातु के साथ द्वितीया और चतुर्थी होती है । न त्वं तृणं मन्ये तृणाय वा ।
6,46,विभक्ति,चतुर्थी,"(गत्यर्थकर्मणि द्वितीया) गत्यर्थक धातु के साथ कर्म मे द्वितीया और चतुर्थी होती है, यदि चेष्टा हो तो । अन्यत्र द्वितीया ही होगी । ग्रामं ग्रामाय वा गच्छति । मनसा हरिं व्रजति । पन्थानं गच्छति ।"
7,47,विभक्ति,पंचमी,"(ध्रुवमपाय-अपादानम्) जिससे काई वस्तु आदि अलग हो, उसे अपादान कहते हैं ।"
7,48,विभक्ति,पंचमी,(अपादाने पञ्चमी) अपादान में पंचमी होती है । ग्रामादायाति । वृक्षात् पत्रं पतति ।
7,49,विभक्ति,पंचमी,"(जुगुप्साविरामप्रमादार्थानाम्) जुगुप्सा (घृणा), विराम (रुकना), और प्रमाद अर्थ की धातुओं और शब्दों के साथ पंचमी होती है । पापात् जुगुप्सते, विरमति । धर्मात् प्रमाद्यति ।"
7,50,विभक्ति,पंचमी,(भीत्रार्थानाम् भयहेतुः) भय और रक्षा अर्थ की धातुओं के साथ भय के कारण में पंचमी होती है । चोराद् बिभेति । चोराद् त्रायते । न भीतो मरणादस्मि ।
7,51,विभक्ति,पंचमी,"(पराजेरसोढः) परा+जि के साथ असह्य अर्थ में पंचमी होती है । अध्ययनात् पराजयते (पढ़ाई से हार मानता है) । परन्तु, शत्रून् पराजयते (शत्रुओं को हराता है) में द्वितीया होगी ।"
7,52,विभक्ति,पंचमी,"(वारणार्थानामीप्सितः) जिस वस्तु से किसी को हटाया जाए, उसमें पंचमी होती है । यवेभ्यो गां वारयति । पापात् निवारयति (पाप से हटाता है) ।"
7,54,विभक्ति,पंचमी,(आख्यातोपयोगे) जिससे नियम पूर्वक विद्या आदि पढ़ी जाए उसमें पंचमी होती है । उपाध्यायादधिते । मया तीर्थात् (गुरु से) अभिनयविद्या शिक्षिता । तेभ्यः अधिगन्तुम् निगमान्तविद्याम् (उनसे वेदान्त पढ़ने को) ।
7,55,विभक्ति,पंचमी,"(जनिकर्तुः प्रकृतिः, भुवः प्रभवः) उत्पन्न या प्रकट होना अर्थ वाली जन् और भू आदि धातुओं के साथ पंचमी होती है । ब्रह्मणः प्रजाः प्रजायन्ते । हिमवतो गङ्गा प्रभवति, उद्भवति, उद्गच्छति । परन्तु, पुत्रादि के जन्म में स्त्री में सप्तमी होगी । मेनकायामुत्पन्नां गौरीम् (मेनका से उत्पन्न पार्वती को) ।"
7,56,विभक्ति,पंचमी,(ल्यब्लोपे कर्मण्यधिकरणे च) क्त्वा या ल्यप् का अर्थ गुप्त होगा तो कर्म और अधिकरण में पंचमी होती है । प्रासादात् प्रेक्षते । आसनात् प्रेक्षते । श्वशुरात् जिह्नेति ।
7,57,विभक्ति,पंचमी,(गम्यमानापि क्रिया) प्रशन और उत्तर आदि में गुप्त क्रिया के आधार पर पंचमी होती है । कस्मात् त्वम् । नद्याः (कहाँ से आए । नदी से) ।। कुतो भवान् । पाटलीपुत्रात् (आप कहाँ के आए । पटना से) ।।
8,58,विभक्ति,पंचमी,"(अन्यारादितरर्ते) अन्य, आरात्, इतर, ऋते, पूर्व आदि दिशावाची शब्द (इनका देश या काल अर्थ हो तो भी), प्राक् आदि शब्दों के साथ पंचमी होती है । कृष्णात् अन्यो भिन्न इतरो वा । आराद् वनात् । ऋते ज्ञानान्न मुक्तिः । ग्रामात् पूर्वः, उत्तरो वा । चैत्रात् पूर्वः फाल्गुनः । ग्रामात् प्राक्, प्रत्यक् वा ।"
8,59,विभक्ति,पंचमी,"(प्रभृत्यर्थयोगे बहिर्योते च पंचमी) बहिः तथा 'बाद में' 'तब से लेकर' अर्थ के बोधक प्रभृति, आरभ्य, अनन्तरम्, परम्, ऊर्ध्वम्, आदि शब्दों के साथ पंचमी होती है । शैशवात् प्रभृति । तद्दिनादारभ्य । विवाहविधेरनन्तरम् । अस्मात्परम् (इसके बाद) । वर्षाद् ऊर्ध्वम् (एक वर्ष बाद) । ग्रामाद् बहिः ।"
8,60,विभक्ति,पंचमी,"(अपपरी वर्जने, आङ्मर्यादा, प्रतिः प्रतिनिधि) ये उपसर्ग इन अर्थों में हों तो इनके साथ पंचमी होती है (क) अप - छोड़कर (ख) परि - छोड़कर (ग) आ - तक, मर्यादा (घ) प्रति - प्रतिनिधि, बदलना । अप हरेः, परि हरेः संसार । आ मुक्तेः संसारः । आ सकलाद् ब्रह्म । प्रद्युम्नः कृष्णात् प्रति । तिलेभ्यः प्रतियच्छति माषान् ।"
8,61,विभक्ति,पंचमी,"(अकर्तर्यृणे, विभाषा गुणे) हेतुबोधक ऋण या गुणवाची शब्दों में पंचमी होती है । ऋणात् बद्धः, जाड्याद् बद्धः । मौनान्मूर्खः । वाद-विवाद में युक्ति देने या उत्तर देने में पंचमी होती है । पर्वतो वह्निमान् धूमात् । नास्ति घटः अनुपलब्धेः ।"
8,62,विभक्ति,पंचमी,"(पृथग्विनानानाभिः) पृथक्, विना और नाना के साथ पंचमी, द्वितीया और तृतीया होती है । रामात् रामं रामेण विना पृथक् वा ।"
8,63,विभक्ति,पंचमी,"(दूरान्तिकार्थेभ्यो) दूर और समीपवाची शब्दों में पंचमी, द्वितीया और तृतीया तीनों होती है । ग्रामस्य दूरात् दूरेण दूरं वा ।"
8,64,विभक्ति,पंचमी,(पञ्चमी विभक्ते) तुलना में जिससे तुलना की जाती है उसमें पंचमी होती है । रामात् कृष्णः पटुतरः । अणोरणीयान् महतो महीयान् । जननी जन्मभूमिश्च स्वर्गादपि गरीयसी (जननी और जन्मभूमि स्वर्ग से बढ़कर हैं) ।
8,65,विभक्ति,पंचमी,"(यतश्चाध्वकालनिर्माणं) स्थान और समय की दूरी नापने में पंचमी होती है । दूरीवाचक शब्द में प्रथमा और सप्तमी होती है, समयवाचक में सप्तमी । वनाद् ग्रामो योजनं योजने वा । कार्तिक्या अग्रहायणी मासे ।"
9,66,विभक्ति,षष्ठी,(षष्ठी शेषे) सम्बन्ध का बोध कराने के लिए षष्ठी विभक्ति होती है । राज्ञः पुरुषः । रामस्य पुस्तकम् । गङ्गाया जलम् । देवदत्तस्य धनम् ।
9,67,विभक्ति,षष्ठी,(षष्ठी हेतुप्रयोगे) हेतु शब्द के साथ षष्ठी होती है । अन्नस्य हेतोर्वसति (अन्न के लिए रहता है ) ।
9,68,विभक्ति,षष्ठी,"(निमित्तपर्यायप्रयोगे सर्वासां प्रायदर्शनम्) निमित्त अर्थ वाले शब्दों (निमित्त, हेतु, कारण, प्रयोजन) के साथ प्रायः सभी विभक्तियाँ होती है । किम् निमित्तम् वसति, केन निमित्तेन, कस्मै निमित्ताय । कस्य हेतोः । कस्मात् कारणात् । केन प्रयोजनेन ।"
9,69,विभक्ति,षष्ठी,"(षष्ठ्यतसर्थप्रत्ययेन) उपरि, उपरिष्टात्, पुरः, पुरस्तात्, अधः, अधस्तात्, पश्चात्, अग्रे, दक्षिणतः, उत्तरतः, आदि दिशावाची शब्दों के साथ षष्ठी होती है । गृहस्य उपरि पुरः पश्चात् अग्रे वा । ग्रामस्य दक्षिणतः उत्तरतो वा । तरोरधः ।"
9,70,विभक्ति,षष्ठी,"(षष्ठी शेषे) कृते, समक्षम्, मध्ये, अन्तः, अन्तरे, पारे, आदौ आदि के साथ षष्ठी होती है । धनस्य कृते । गुरोः समक्षम् । छात्राणां मध्ये । गृहस्य अन्तः अन्तरे वा । गङ्गायाः पारे । रामायणस्यादौ ।"
9,71,विभक्ति,षष्ठी,"(एनपा द्वितीया) 'एन' प्रत्ययान्त दिशावाची दक्षिणेन, उत्तरेण आदि के साथ षष्ठी और द्वितीया होती है । दक्षिणेन ग्रामं ग्रामस्य वा । दक्षिणेन वृक्षवाटिकाम् (वृक्ष-वाटिका के दाहिनी ओर) ।"
9,72,विभक्ति,षष्ठी,(दूरान्तिकार्थैः षष्ठी) दूर और समीपवाची शब्दों के साथ षष्ठी और पंचमी दोनों होती है । ग्रामस्य ग्रामाद् वा दूरं समीपं निकटं पार्श्वम् सकाशं वा ।
9,73,विभक्ति,षष्ठी,"(अधीगर्थदयेशां कर्मणि) स्मरण करना, दया करना और स्वामी होना, इन अर्थ वाली धातुओं के साथ कर्म में षष्ठी होती है । मातुः स्मरति । रामस्य दयमानः । अयं गात्राणामीष्टे (यह अपने अंगों का स्वामी है) ।"
9,74,विभक्ति,षष्ठी,"(यतश्च निर्धारणम्) बहुतों में से एक को छाँटने में, जिसमें से छाँटा जाए, उसमें षष्ठी और सप्तमी दोनों होती है । कविनां कविषु वा कालिदासः श्रेष्ठः ।"
10,75,विभक्ति,षष्ठी,"(कर्तृकर्मणोः कृति) कृदन्त शब्दों के कर्ता और कर्म में षष्ठी होती है । जिनके अन्त में कृत् प्रत्यय अर्थात तृच् (तृ), क्तिन् (ति), अच् (अ), घञ् (अ), ल्युट् (अन), ण्वुल् (अक) आदि हों, उन्हें कृदन्त कहते हैं । जैसे - शिशोः शयनम् । पुस्तकस्य पाठः । शास्त्राणाम् परिचयः । दुःखस्य नाशः । ग्रन्थस्य प्रणेता । कवेः कृतिः । जनानाम् पालकः (लोगों का पालक) ।"
10,76,विभक्ति,षष्ठी,"(उभयप्राप्तौ कर्मणि) कृदन्त के साथ जहाँ कर्ता और कर्म दोनों हों, वहाँ कर्म में षष्ठी होती है । आश्चर्यो गवां दोहोSगोपेन । शब्दानामनुशासनमाचार्येण आचार्यस्य वा (आचार्य के द्वारा शब्दों का शिक्षण) ।"
10,77,विभक्ति,षष्ठी,"(क्तस्य च वर्तमाने, अधिकरणवाचिनश्च) वर्तमानार्थक भावार्थक क्तप्रत्ययान्त के साथ षष्ठी होती है । राज्ञाम् मतः, सताम् मतः । मयूरस्य नृत्तम् । छात्रस्य हसितम् (छात्र का हँसना) ।"
10,78,विभक्ति,षष्ठी,"(न लोकाव्यय) इन प्रत्ययों से बने कृदन्त शब्दों के साथ षष्ठी नही होती - शतृ, शानच्, उ, उक, क्त्वा, तुमुन्, क्त, क्तवतु, खल्, तृन् ।जैसे - कर्म कुर्वन् कुर्वाणो वा । हरिं दिदृक्षुः । दैत्यान् घातुको हरिः । जगत् सृष्ट्वा । सुखं कर्तुम् । विष्णुना हता दैत्याः ।हरिणा ईषत्करः प्रपञ्चः । कामुकः और द्विषत् के साथ षष्ठी होगी । - लक्ष्म्याः कामुक । मुरस्य मुरं वा द्विषन् ।"
10,79,विभक्ति,षष्ठी,"(कृत्यानां कर्तरि वा) कृत्य प्रत्ययों (तव्य, अनीय, यत्, ण्यत् आदि) के साथ कर्ता में तृतीया और षष्ठी होती है । मया मम वा सेव्यो हरिः । न वयमनुग्राह्याः प्रायो देवतानाम् । न वञ्चनीयाः प्रभवः अनुजीविभिः ।"
10,80,विभक्ति,षष्ठी,(तुल्यार्थैरतुलोपमाभ्यां) तुल्य अर्थ वाले शब्दों के साथ तृतीया और षष्ठी होती है । तुला और उपमा के साथ षष्ठी ही होगी । कृष्णस्य कृष्णेन वा तुल्यः सदृशः समो वा (कृष्ण के सदृश) ।
10,81,विभक्ति,षष्ठी,"(चतुर्थी चाशिष्यायुष्य) आशीर्वाद देने में आयुष्यम्, भद्रम्, कुशलम्, सुखम्, हितम् आदि के साथ चतुर्थी और षष्ठी होती है । कृष्णस्य कृष्णाय वा कुशलं भद्रं वा भूयात् (कृष्ण का भला हो) ।"
10,82,विभक्ति,षष्ठी,"(व्यवहृपणोः, दिवस्तदर्थस्य, कृत्वः अर्थ) इन स्थानो पर षष्ठी होती है - व्यवहृ, पण् और दिव् धातु जब जुआ खेलने या क्रय-विक्रय अर्थ में हों कृत्व प्रत्यय के साथ । शतस्य व्यवहरणं पणनं वा । शतस्य दीव्यति । पञ्चकृत्वः अह्नः भोजनम् ।"
11,83,विभक्ति,सप्तमी,"(आधारो-अधिकरणम्) किसी क्रिया के आधार को अधिकरण कहते है, जहाँ पर या जिसमें वह कार्य किया जाता है । आधार तीन प्रकार का है - 1) औपश्लेषिक (संयोग-सम्बन्धवाला अधिकार), 2) वैषयिक (विषय में), 3) अभिव्यापक (व्यापक होकर रहना) ।"
11,84,विभक्ति,सप्तमी,"(सप्तम्यधिकरणे च) तीनों प्रकार के आधार या अधिकरण में सप्तमी होती है । आसने उपविशति, स्थाल्यां पचति । मोक्षे इच्छाSस्मि । सर्वस्मिन्नात्माSस्ति (सबमें आत्मा है) ।"
11,85,विभक्ति,सप्तमी,"(वैषयिकाधारे सप्तमी) 'विषय में, बारे में' तथा समय बोधक शब्दों में सप्तमी होती है । - मोक्षे इच्छाSस्मि । प्रातःकाले मध्याह्ने सायंकाले दिवसे रात्रौ वा कार्यं करोति । शैशवे, यौवने, वार्धके (बाल्य, यौवन, वृद्धत्वकाल में) । आषाढस्य प्रथमदिवसे ।"
11,86,विभक्ति,सप्तमी,"(क) (क्तस्येन्विषयस्य) क्त प्रत्ययान्त के अन्त में इन् प्रत्यय होगा तो उसके कर्म में सप्तमी होगी ।अधीती व्याकरणे । गृहीती षट्स्वङ्गेषु । (ख) (साध्वसाधुप्रयोगे च) साधु और असाधु के साथ सप्तमी होती है । साधुः कष्णो मातरि, असाधुर्मातुले । (ग) (निमित्तात् कर्मयोगे) जिस फल के लिए कोई काम किया जाता है, उसमें सप्तमी होगी । चर्मणि द्वीपिनं हन्ति, दन्तयोर्हन्ति कुञ्जरम् । केशेषु चमरीं हन्ति ।"
11,87,विभक्ति,सप्तमी,"(आयुक्तकुशलाभ्याम्, साधुनिपुणाभ्याम्) संलग्न अर्थ वाले शब्दों (व्यापृतः आयुक्तः, लग्नः, आसक्तः, युक्तः, व्यग्रः, तत्परः आदि) तथा चतुर अर्थ वाले शब्दों (कुशलः, निपुणः, साधुः, पटुः, प्रवीणः, दक्षः, चतुरः आदि) के साथ सप्तमी होगी । गृहकर्मणि लग्नः व्यापृतः व्याग्रो वा । शास्त्रेषु निपुणः प्रवीणः दक्षो वा ।"
11,88,विभक्ति,सप्तमी,"(यतश्च निर्धारणम्) बहुतों में से एक को छाँटने में, जिसमें से छाँटा जाय, उसमें षष्ठी और सप्तमी होती है । छात्राणां छात्रेषु वा रामः श्रेष्ठः पटुमतो वा ।"
11,89,विभक्ति,सप्तमी,(सप्तमीपञ्चम्यौ कारकमध्ये) समय और मार्ग का अन्तर बतानेवाले शब्दों में पंचमी और सप्तमी होती है । अद्य भुक्त्वाSयं द्वयहे द्वयहाद् वा भोक्ता । क्रोशे क्रोशाद् वा लक्ष्यं विध्येत् (कोसभर के लक्ष्य को बींध देगा) ।
11,90,विभक्ति,सप्तमी,"(वैषयिकाधारे सप्तमी) प्रेम, आसक्ति और आदर सूचक धातुओं और शब्दों (स्निह्, अभिलष्, अनुरञ्ज्, आदृ, रम्, रतिः, स्नेहः, आसक्तः, अनुरक्तः आदि ) के साथ सप्तमी होती है । पिता पुत्रे स्निह्यति । रहसि रमते । श्रेयसि रतः । दण्डनीत्यां नात्यादृतोSभूत् ।"
13,99,संधि,स्वर संधि,"(एचोSयवायावः) 'ए' को 'अय्', 'ओ' को 'अव्', 'ऐ' को 'आय्' और 'औ' को 'आव्' हो जाता है, बाद में कोई स्वर हो तो । (पदान्त 'ए' या 'ओ' के बाद 'अ' हो तो नही) । जैसे - हरे + ए = हरये । विष्णो + ए = विष्णवे । नै + अकः = नायकः । पौ + अकः = पावकः । परन्तु, रामो + अयम् = रामोSयम् ।"
12,91,विभक्ति,सप्तमी,"(आधारे सप्तमी)  इन स्थानों पर सप्तमी होती है - (क) फेकना अर्थ की धातुओं (क्षिप्, मुच्, अस् आदि) के साथ । मृगे बाणं क्षिपति, मुञ्चति, अस्यति वा । (ख) विश्वास या श्रद्धा अर्थ वाली धातुओं और शब्दों (विश्वसिति, विश्वासः, श्रद्धा, निष्ठा, आस्था आदि) के साथ व्यक्ति में । न विश्वसेदविश्वस्ते । ब्रह्मणि श्रद्दधाति, श्रद्धा निष्ठा वा वर्तते । (ग) 'व्यवहार करना' अर्थ में वृत् और व्यवहृ आदि के साथ ।गुरुषु विनयेन वर्तते । कुरु सखीवृत्तिं सपत्नीजने । विश्वास के साथ द्वितीया भी होती है ।"
12,92,विभक्ति,सप्तमी,(आधारे सप्तमी) इन स्थानों पर सप्तमी होती है - (क) युज् धातु तथा उससे बने शब्दों का साथ । इममाश्रमधर्मे नियुङ्क्ते । (ख) 'योग्य' और 'उपयुक्त' आदि अर्थों में व्यक्ति में । युक्तरूपमिदं त्वयि । त्रैलोक्यस्यापि प्रभुत्वं तस्मिन् युज्यते । एते गुणा ब्रह्मण्युपपद्यन्ते । (ग) ग्रहण और प्रहार अर्थवाली धातुओं के साथ । केशेषु गृहीत्वा । न प्रहर्तुमनागसि । (घ) अपराध के साथ षष्ठी और सप्तमी होती है । कस्मिन्नपि पूजार्हेSपराद्धा शकुन्तला । सुभगमपराद्धं युवतिषु । अपराद्धोSस्मि तत्र भवतः कण्वस्य ।
12,93,विभक्ति,सप्तमी,(षष्ठी चानादरे) अनादर अर्थ में षष्ठी और सप्तमी दोनों होती है । रुदति रुदतो वा प्राव्राजीत् (रोते हुए पुत्रादि को छोड़कर उसने संन्यास ले लिया) ।
12,94,विभक्ति,सप्तमी,"(यस्य च भावेन भावलक्षणम्) एक क्रिया के बाद दूसरी क्रिया होने पर पहली क्रिया में सप्तमी होती है । कर्तृवाच्य में कर्ता और कृदन्त में सप्तमी होगी । कर्मवाच्य में कर्म और कृदन्त में सप्तमी होगी, कर्ता में तृतीया । प्रथम क्रिया में कृदन्त का प्रयोग होना चाहिए । गोषु दुह्यामानासु गतः । रामे वनं गते दशरथो दिवंगतः ।"
12,95,विभक्ति,सप्तमी,"(यस्य च भावेन भावलक्षणम्) (क) 'ज्योंही, इतने ही में, उसी क्षण' इन अर्थों में सप्तमी होती है । ऐसे स्थलों पर मात्र या एव का प्रयोग होता है । अनवसितवचने एव मयि (मेरी बात पूरी न हो पाई थी, उसी समय) । प्रविष्टमात्रे एव तत्रभवति (ज्योंही आप आए, त्योंही) । (ख) 'जब' अर्थ में षष्ठी और सप्तमी होती है । एवं तयोः परस्परं वदतोः (जब वे दोनों बात कर रहे थे) । (ग) 'रहते हुए' अर्थ में सप्तमी होती है । कुतो धर्मक्रियाविघ्नः सतां रक्षितरि त्वयि (तेरे रक्षक रहते हुए) । (घ) 'होने पर' या 'करने पर' अर्थ में सप्तमी होगी । एवं गते तथा अनुष्ठिते । (ङ) प्रधान और उपप्रधान वाक्यों में कर्ता या कर्म एक ही हो तो उसे एक वाक्य के तुल्य मानना चाहीए, बीच में भावे सप्तमी नही करनी चाहिए । जैसे - 'आगतेषु विप्रेषु तेभ्यो दक्षिणां देहि' न कहकर 'आगतेभ्यो विप्रेभ्यो दक्षिणां देहि' कहना चाहिए ।"
13,96,संख्या,एकवचन,"पात्र, आस्पद, स्थान, पद, भाजन, प्रमाण शब्द जब विधेय के रूप में प्रयुक्त होंगे तो इनमें नपुंसकलिंग एकवचन ही रहेगा ।उद्देश्य में होंगे तो अन्य वचन भी होंगे । जैसे - गुणाः पूजास्थानम् सन्ति । यूयं मम कृपापात्रं स्थ ।"
13,97,संख्या,संख्या,"(संख्याया विधार्थे धा) सभी संख्या वाचक शब्दों से 'प्रकार से' अर्थ में 'धा' लगता है । 'प्रकार का' अर्थ में 'विध', 'गुना' अर्थ में 'गुण' तथा 'बार' आर्थ में 'वारम्' लगता है । जैसे - एकधा, एकविधः, एकगुणः, अकवारम् । द्विधा, द्विविधः, द्विगुणः ।"
13,98,संधि,स्वर संधि,"(इको यणचि) 'इ' 'ई' को 'य्', 'उ' 'ऊ' को 'व्', 'ऋ' 'ऋृ' को 'र', 'ळ' को 'ल्' हो जाता है, यदि बाद में कोई स्वर हो तो । सवर्ण (वैसा ही) स्वर हो तो नही । जैसे - इति + अत्र = इत्यत्र । मधु + अरिः = मध्वरि । धातृ + अंशः = धत्रंशः । ळ + आकृतिः = लाकृति ।"
13,100,संधि,स्वर संधि,"(वान्तो यि प्रत्यये) 'ओ' को 'अव्' और 'औ' को 'आव्' हो जाता है, बाद में यकारादि प्रत्यय हो तो । जैसे - गो + यम् = गव्यम् । नौ + यम् = नाव्यम् । यूती बाद में होने पर 'गो' के 'औ' को 'अव्' होता है । गो + यूतिः = गव्यूतिः ।"
13,101,संधि,स्वर संधि,"(आद्गुणः) 'अ' या 'आ' के बाद (1) 'इ' या 'ई' को 'ए', (2) 'उ' या 'ऊ' को 'ओ', (3) 'ऋ' या 'ऋृ' को 'अर्', (4) 'ळ' को 'अल्' होता है । जैसे - रमा + ईशः = रमेशः । पर + उपकारः = परोपकारः । महा + ऋषिः = महर्षिः । तव + ळकारः = तवल्कारः । सूचना - दोनों वर्णों के स्थान पर एक आदेश को एकादेश कहते है । यह नियम एकादेश है ।"
13,102,संधि,स्वर संधि,"(वृद्धिरेचि) 'अ' या 'आ' के बाद (1) 'ए' या 'ऐ' को 'ऐ', (2) 'ओ' या 'औ' को 'औ' होता है । तदा + एकः = तदैकः । राज + ऐश्वर्यम् = राजैश्वर्यम् । जल + ओघः = जलौघः । देव + औदार्यम् = देवौदार्यम् । यह भी एकादेश है ।"
13,103,संधि,स्वर संधि,(एङः पदान्तादति) पद के अन्तिम ए या ओ के बाद अ हो तो उसे पूर्वरूप (ए या ओ) हो जाता है । जैसे - हरे + अव = हरेSव । विष्णो + अव = विष्णोSव ।
14,104,संख्या,द्विवचन,द्वि और उभ शब्द सदा द्विवचन में ही आते है । उभय (दोनों)  शब्द तीनों वचनों मे आता है । (उभय और उभ के रूप तीनों लिंगो में सर्ववत् होंगे) ।
14,105,संख्या,द्विवचन,"(क) दम्पती, पितरौ, अश्विनौ, इनके रूप द्विवचन में ही चलते है ।  इनके साथ क्रिया द्विवचन में आती है । दम्पती, पितरौ, अश्विनौ वा गच्छतः । (ख) द्वय, युगल, युग, द्वन्द्व, ये चारों 'दो' अर्थ के बोधक है । ये शब्द के अन्त में जुड़ते है और नपुंसकलिंग एकवचन होते है । इनके साथ क्रिया एकवचन में रहती है । जैसे - छात्रद्वयं, छात्रयुगलं, छात्रयुगं (छात्रद्वयी वा) पुस्तकानि पठति । (ग) हस्तौ, नेत्रे, पादौ, कर्णौ आदि द्विवचन में ही प्रयुक्त होते है ।"
14,106,संधि,स्वर संधि,(एत्येधत्यूठ्सु) अ के बाद एकारादि इ और एध् धातु या ऊठ् (ऊ) हो तो दोनों की वृद्धि होती है । अ + ए = ऐ । अ + ऊ = औ । उप + एति = उपैति । उप + एधते = उपैधते । विश्व + ऊहः = विश्वौहः ।
14,107,संधि,स्वर संधि,(ए़ङि पररूपम्) उपसर्ग के अ के बाद धातु का ए या ओ हो तो वहाँ ए या ओ ही रहता है । प्र + एजते = प्रेजते । उप + ओषति = उपोषति ।
14,108,संधि,स्वर संधि,(शकन्ध्वादिषु पररूपम् वाच्यम्) शकन्धु आदि में टि (अन्तिम स्वर सहित अंश) को पररूप होता है । शक + अन्धुः = शकन्धुः । मनस् + ईषा = मनीषा ।
14,109,संधि,स्वर संधि,(ओमाङोश्च) अ के बाद ओम् या आङ् (आ) हो तो पररूप अर्थात् ओम् या आ रहता है । शिवाय + ओं नमः = शिवायों नमः । शिव + एहि = शिवेहि ।
14,110,संधि,स्वर संधि,"(अकः सवर्णे दीर्घः) (1) अ या आ + अ या आ = आ, (2) इ या ई + इ या ई = ई, (3) उ या ऊ + उ या ऊ = ऊ, (4) ऋ + ऋ = ऋृ । विद्या + आलयः = विद्यालयः । गिरि + ईशः = गिरीशः । गुरु + उपदेशः = गुरूपदेशः । होतृ + ऋकारः = होतृृकारः ।"
14,111,संधि,स्वर संधि,"(इदूदेद्द्विवचनं प्रगृह्यम्) द्विवचन के ई, ऊ और ए के साथ कोई संधि नही होती । हरि + एतौ = हरि एतौ । विष्णू इमौ । गङ्गे अमू । पचेते इमौ ।"
14,112,संधि,स्वर संधि,(अदसो मात्) अदस् के 'म्' के बाद ई या ऊ होंगे तो उनके साथ कोई संधि नहीं होगी । अमी + ईशाः = अमी ईशाः । अमू आसाते ।
15,113,संख्या,बहुवचन,"(क) दार, अक्षत, लाज (लाजा), असु, प्राण, इनके रूप पुंलिंग में और बहुवचन में ही चलते है । (ख) अप्, अप्सरस्, वर्षा, सिकता, समा, सुमनस्, इनके रूप स्त्रीलिंग में और बहुवचन में ही चलते है । (अप्सरस्, वर्षा, समा, सुमनस् इनका कहीं कहीं एकवचन में भी प्रयोग मिलता है) । दाराः (स्त्री), अक्षताः (अक्षत चावल), लाजाः (खील), असवः (प्राण), प्राणाः (प्राण), आपः (जल), अप्सरसः (अप्सरा), वर्षाः (वर्षा), सिकताः (रेत), समाः (वर्ष), सुमनसः (फूल) ।"
15,115,संख्या,बहुवचन,"(क) (आदरार्थे बहुवचनम्) आदर प्रकट करने में एक के लिए भी बहुवचन हो जाता है । गुरुवः पूज्याः । (ख) (अस्मदो द्वयोश्च) अस्मद् शब्द के एकवचन और द्विवचन (अहम्र आवाम्) के स्थान पर बहुवचन (वयम्) का प्रयोग होता है, यदि वक्ता विशिष्ट व्यक्ति हो तो ।  वयं ब्रूमः । (ग) (जात्याख्यायाम्) जातिवाचक शब्दों में एकवचन और बहुवचन दोनों होते है । ब्राह्मणः पूज्यः । ब्राह्मणाः पूज्याः । (घ) देशवाचक शब्दों में बहुवचन का प्रयोग होता है । नगर या देश अन्त में होने पर एकवचन होगा । अहम् अङ्गान् बङ्गान् कलिङ्गान् विदर्भान् गौडान् वा अगच्छम् । पाटलिपुत्रम् अङ्गदेशं वा अगच्छम् । (ङ) वंश का बोध कराने में बहुवचन का प्रयोग होता है । कुरूणाम्, रघूणाम् ।"
15,116,संधि,व्यंजन,"(स्तोः श्चुना श्चुः) 'स्' या तवर्ग [त, थ, द, ध, न] से पहले या बाद में 'श्' या चवर्ग [च, छ, ज, झ, ञ] कोई भी हो तो 'स्' और तवर्ग को क्रमशः 'श्' और चवर्ग हो जाता है । 'स्' को 'श्', 'त्' को 'च्', 'द्' को 'ज्', 'न्' को 'ञ्' होगा । रामश्च । सच्चित् । सज्जनः ।"
15,117,संधि,व्यंजन,"(ष्टुना ष्टुः) 'स्' या तवर्ग [त, थ, द, ध, न] से पहले या बाद में 'ष्' या टवर्ग [ट, ठ, ड, ढ, ण] कोई भी हो तो 'स्' और तवर्ग को क्रमशः 'ष्' और टवर्ग हो जाता है । 'स्' को 'ष्', 'त्' को 'ट्', 'द्' को 'ड्', 'न्' को 'ण्' होगा । इष् + तः = इष्टः । उड्डीनः । विष्णुः ।"
15,118,संधि,व्यंजन,"(झलां जशोSन्ते) झल् [झभञ्, घढधष्, जबगडदश्, खफछठथचटतव्, कपय्, शषसर्, हल्] को जश् [जबगडदश्] होता है (अर्थात् अपने वर्ग का तृतीया अक्षर), झल् पद के अन्तिम अक्षर हों तो । जगत् + ईशः = जगदीशः । उद्देश्यम् । अच् + अन्तः = अजन्तः ।"
15,119,संधि,व्यंजन,"(झलां जश् झशि) झल् को जश् होता है, बाद में झश् [झभञ्, घढधष्, जबगडदश्] हों तो । बुध् + धिः = बुद्धिः । क्षुभ् + धः = क्षुब्धः । दघ् + धः = दग्धः । वृद्धिः । शुद्धिः । सिद्धिः ।"
16,120,संधि,व्यंजन,(यरोSनुनासिकेSनुनासिको वा) पदान्त यर् ('ह' के अतिरिक्त सभी व्यञ्जन)  के बाद अनुनासिक (ञमङणनम्) हो तो यर् को अपने वर्ग का पंचम अक्षर हो जायगा । यह नियम ऐच्छिक है । तत् + न = तन्न । तद् + मयम् = तन्मयम् । वाक् + मयम् = वाङ्मयम् । सद् + मतिः = सन्मतिः ।
16,121,संधि,व्यंजन,(तोर्लि) तवर्ग के बाद 'ल' हो तो तवर्ग को भी 'ल्' हो जाता है । अर्थात् - 'त्' या 'द्' + ल = ल्ल । न् + ल = ँन्न । तत् + लीनः = तल्लीनः । विद्वान् + लिखति = विद्वाँल्लिखति ।
16,122,संधि,व्यंजन,(उदः स्थास्तम्भोः पूर्वस्य) 'उद्' के बाद 'स्था' या 'स्तम्भ्' धातु हो तो उसे पूर्व सवर्ण होता है । उद् + स्थानम् = उत्थानम् । उद् + स्तम्भनम् = उत्तमभनम् ।
16,123,संधि,व्यंजन,"(झयो होSन्यतरस्याम्) झय् (झभञ्, घढधष्, जबगडदश्, खफछठथचटतव्, कपय्) के बाद 'ह' हो तो उसे विकल्प से पूर्वसवर्ण होता है । वाग् + हरिः = वाग्घरिः । तद् + हितः = तद्धितः ।"
16,124,संधि,व्यंजन,"(शश्छोSटि) पदान्त झय् के बाद 'श्' हो तो उस 'श्' को 'छ्' हो जाता है, यदि उस 'श्' के बाद 'अट्' (स्वर, ह, य, व, र) हो तो । पाठ 15 के नियम 4 (स्तोः श्चुना श्चुः) से 'छ' के पूर्वती 'त्' को 'च्' हो जाता है । तत् + शिवः = तच्छिवः । सत् + शीलः = सच्छीलः ।"
16,125,संधि,व्यंजन,"(खरि च) झलों (कवर्ग, चवर्ग, तवर्ग, टवर्ग, शषसर्, हल्)) को चर् (चटतव्, कपय्, शषसर्) होता है, बाद में खर् (खफछठथचटतव्, कपय्, शषसर्) हों तो । सद् + कारः = सत्कारः । तद् + परः = तत्परः । सद् + पुत्रः = सत्पुत्रः ।"
16,126,संधि,व्यंजन,"(मोSनुस्वारः) पदान्त म् के बाद हल् (व्यञ्जन) हो तो म् को अनुस्वार (ं) हो जाता है, बाद में स्वर हो तो नहीं । कार्यम् + कुरु = कार्यं कुरु । सत्यं वद । धर्मं चर ।"
16,127,संधि,व्यंजन,"(नश्चापदान्तस्य झलि) अपदान्त न् और म् को अनुस्वार हो जाता है, बाद में झल् हों तो । यशान् + सि = यशांसि । पुम् + सु = पुंसु ।"
16,128,संधि,व्यंजन,"(अनुस्वारस्य ययि परसवर्णः) अनुस्वार के बाद यय् (यवरट्, लण्, ञमङणनम्, झभञ्, घढधष्, जबगडदश्, खफछठथचटतव्, कपय्) हो तो उसे परसवर्ण (अगले वर्ण का पंचम अक्षर) होता है । शां + तः = शान्तः । अं + कः = अङ्कः ।"
16,129,संधि,व्यंजन,"(ङमो ह्रस्वादचि ङमुण् नित्यम्) ह्रस्व स्वर के बाद 'ङ्', 'न्', 'ण्' हों और बाद में कोई स्वर हो तो बीच में एक 'ङ्', 'न्', 'ण्' और लग जाता है । प्रत्याङ्ङात्मा । सुगण्णीशः । सन् + अच्युतः = सन्नच्युतः ।"
17,130,संख्या,संख्या,"त्रि से अष्टादशन् (3 - 18) तक के रूप केवल बहुवचन में ही चलते हैं । पञ्चन् से अष्टादशन् (5-18) तक तीनों लिंगों में वही रूप होंगे । एक से दश तक की संख्याओं के संख्येय (व्यक्ति या वस्तुबोधक क्रमवाचक विशेषण) शब्द क्रमशः ये हैं - प्रथमः, द्वितीयः, तृतीयः, चतुर्थः, पञ्चमः, षष्ठः, सप्तमः, अष्टमः, नवमः, दशमः । इनके रूप पुर्लिंग में रामवत्, स्त्रीलिंग में रमा या नदीवत्, नपुंसकलिंग में गृहवत् चलेंगे ।"
17,131,संधि,विसर्ग,"(नश्छव्यप्रशान्) पदान्त न् को रु (ः, स्) होता है यदि छव् (छठथचटतव्) बाद मे हो और छव् के बाद अम् (अइउण्, ऋळक्, एओङ्, ऐऔच्, हयवरट्, लण्, ञमङणनम्) हो तो । प्रशान् शब्द में ये नियम नही लगेगा । इसके साथ कुछ अन्य नियम भी लगते हैं, अतः इस नियम का रूप होगा -  'न्' + 'छव्' = 'स्' + 'छव्' या 'ँस्' + 'छव्' । श्चुत्व नियम यदि प्राप्त होगा तो लगेगा । कस्मिन् + चित् = कस्मिंश्चित् । अस्मिंस्तरौ । तस्मिन् + तथा = तस्मिंस्तथा ।"
17,132,संधि,विसर्ग,"(छे च, पदान्ताद्वा) ह्रस्व स्वर के बाद छ होगा तो छ से पूर्व त् (च्) लगेगा, किन्तु पदान्त दीर्घ स्वर के बाद छ से पूर्व त् विकल्प से लगेगा । शिव छाया शिवच्छाया । वृक्षच्छाया । लताच्छविः । लक्ष्मीच्छाया, लक्ष्मीछाया ।"
17,133,संधि,विसर्ग,"(विसर्जनीयस्य सः) विसर्ग को 'स्' होता है, खर् (खफछठथचटतव्, कपय्, शषसर्) बाद में हो तो । (श्चुत्वसन्धि भी होगी) । हरिः + त्रायते = हरिस्त्रायते । कः + चित् = कश्चित् । रामः + तिष्ठति = रामस्तिष्ठति ।"
17,134,संधि,विसर्ग,(वा शरि) विसर्ग के बाद शर् (शषसर्) हों तो विसर्ग को विसर्ग और स् दोनों होते हैं । पाठ 15 के नियम 4 (स्तोः श्चुना श्चुः) और 5 (ष्टुना ष्टुः) भी लगेंगे । हरिश्शेते । रामष्षष्ठः ।
17,135,संधि,विसर्ग,"(ससजुषो रुः) पद के अन्तिम 'स्' को रु ('र्' या 'ः') होता है, सजुष् को भी । जहाँ रु को 'उ' या 'य्' नही होगा, वहाँ 'र्' शेष रहेगा । 'अ' या 'आ' के अतिरिक्त अन्य स्वरों के बाद 'र्' शेष रहेगा, बाद में कोई स्वर या व्यञ्जन हो तो । हरिः + अवदत् = हरिरवदत् । पितुः + इच्छा = पितुरिच्छा । लक्ष्मीरियम् ।"
17,136,संधि,विसर्ग,"(अतो रोरप्लुतादप्लुते) ह्रस्व 'अ' के बाद रु ('र्' या 'ः') को 'उ' होता है, बाद में ह्रस्व 'अ' हो तो । पाठ 13 के नियम 101 (आद्गुणः) से गुण और 103 (एङः पदान्तादति) से पूर्वरूप भी होता है । जैसे - अः + अ = ओS । कः + अपि = कोSपि । कोSयम् । रामोSवदत् ।"
18,137,संख्या,बहुवचन,"(क) विंशतिः (20) के बाद के सभी संख्यावाची शब्द केवल एकवचन में आते है - 'विंशत्याद्याः सदौकत्वे सर्वाः संख्येयसंख्ययोः' । (ख) एकादशन् से अष्टादशन् (11 से 18) तक के रूप दशन् के तुल्य बहुवचन में ही चलेंगे । (ग) एकोनविंशतिः (19) से नवनवतिः (99) तक सारे शब्दों के रूप स्त्रीलिंग एकवचन में ही चलते हैं । इकारान्त विंशति, षष्टि आदि के रूप 'मति' के तुल्य और तकारान्त त्रिंशत् आदि के रूप 'सरित्' के तुल्य चलेंगे । (घ) संख्येय (क्रमवाचक विशेषण) बनाने के नियम ये हैं - 1) एक से दश तक के संख्येय प्रथम, द्वितीय आदि हैं । 2) 11 से 18 तक के संखयेय शब्दें के अन्त में 'अ' लग जाता है । एकादशः (11वाँ), द्वादशः (12वाँ) आदि । 3) 19 के आगे संख्येय शब्दों के अन्त में 'तम' लगता है । विंशतितमः (20वाँ) आदि । संख्येय शब्दों के रूप तानों लिंगों में चलेंगे । पुर्लिंग में रामवत्, स्त्रीलिंग में रमा या नदीवत्, नपुंसकलिंग में गृहवत् चलेंगे ।"
18,138,संधि,विसर्ग,"(हशि च) ह्रस्व 'अ' के बाद रु ('र्' या 'ः') को उ (ओ) हो जाता है, बाद में हश् (हयवरट्, लण्, ञमङणनम्, झभञ्, घढधष्, जबगडदश्) हो तो । अः + हश् = ओ + हश् । शिवः + वन्द्यः = शिवो वन्द्यः । रामो गच्छति । बालको हसति ।"
18,139,संधि,विसर्ग,"(भोभगोअघोअपूर्वस्य योSशि) भोः, भगोः, अघोः और अ या आ के बाद ('र्' या 'ः') को य् होता है, बाद में अश् (अइउण्, ऋळक्, एओङ्, ऐऔच्, हयवरट्, लण्, ञमङणनम्, झभञ्, घढधष्, जबगडदश्) हो तो ।"
18,140,संधि,विसर्ग,"(हलि सर्वेषाम्, लोपः शाकल्यस्य) (1) ऊपर दिए नियम से हुए य् के बाद कोई व्यञ्जन होगा तो उसका लोप अवश्य होगा । (2) यदि बाद में स्वर होगा तो य् का लोप ऐच्छिक है । लोप होने पर संधि नही होगी । देवा गच्छति । नरा हसन्ति । देवा इह, देवायिह ।"
18,141,संधि,विसर्ग,"(रोSसुपि) अहन् के न् को र् होता है, विभक्ति सुप् बाद में हो तो नहीं । अहन् + अहः = अहरहः । अहन् + गणः = अहर्गणः ।"
18,142,संधि,विसर्ग,(रो रि) 'र्' के बाद 'र' हो तो पहले 'र्' का लोप हो जाता है ।
18,143,संधि,विसर्ग,"(ढ्रलोपे पूर्वस्य दीर्घोSणः) ढ् या र् का लोप होने पर उससे पूर्ववर्ती अ, इ, उ को दीर्घ होता है । पुनर् + रमते = पुना रमते । हरी रम्यः ।"
18,144,संधि,विसर्ग,"(एतत्तदोः सुलोपोSकोरनञ्समासे) सः और एषः के विसर्ग का लोप होता है, बाद में व्यञ्जन हो तो । सः + पठति = स पठति । एष वदति ।"
19,145,समास,समास,"(समास) (1) एक या अधिक शब्दों के मिलाने या जोड़ने को समास कहते हैं । समास का अर्थ है संक्षेप । समास करने पर समास हुए शब्दों के बीच की विभक्ति (कारक) नही रहती । समस्त (समासयुक्त) शब्द एक शब्द हो जाता है, अतः अन्त में विभक्ति लगती है । समास के तोड़ने को 'विग्रह' कहते हैं । जैसे - 'राज्ञः पुरुष' (राजा का पुरुष) विग्रह है, 'राजपुरुषः' समस्त पद है । बीच की षष्ठी का लोप है । (2) समास के 6 भेद हैं - 1) अव्ययीभाव, 2) तत्पुरुष, 3) कर्मधारय, 4) द्विगु, 5) बहुव्रीहि, 6) द्वन्द्व ।"
19,146,समास,अव्ययीभाव,"(अव्ययीभाव) (अव्ययं विभक्ति) अव्ययीभाव समास की पहचान ये है कि इसमें पहला शब्द अव्यय (उपसर्ग या निपात) होगा और दूसरा संज्ञा शब्द । अव्ययीभाव समास वाले अकारान्त शब्द नपुंसकलिंग एकवचन में ही रहते है ।अ-भिन्न स्वर अन्तवाले अव्ययीभाव अव्यय हो जाते है, अतः इनके रूप नही चलते । इन अर्थों में अव्ययीभाव समास होता हैऔर ये अव्यय इन अर्थों में आते है - (1) विभक्ति । सप्तमी के अर्थ में अधि (हरौ - अधिहरि) ।  (2) समीप अर्थ में उप (कृष्णस्य समीपे - उपकृष्णम्) । इसी प्रकार उपगङ्गम्, उपयमुनम् । (3) समृद्धि अर्थ में सु (मद्राणां समृद्धिः - सुमद्रम्) । (4) व्यृद्धि (क्षय) अर्थ में दुर् (यवनानां व्यृद्धिः - दुर्यवनम्) । (5) अभाव अर्थ में निर् (मक्षिकाणाम् अभावः - निर्मक्षिकम्) । इसी प्रकार निर्जनम्, निर्विघ्नम्, निर्द्वन्द्वम् । (6) अत्यय (नाश) अर्थ में अति (हिमस्यात्ययः - अतिहिमम्) । (7) असंप्रति (अनुचित) अर्थ में अति (अतिनिद्रम्) । (8) शब्द प्रादुर्भाव (शब्द का प्रकाश) अर्थ में इति (हरिशब्दस्य प्रकाशः - इतिहरि) । (9) पश्चात् (पीछे) अर्थ में अनु (रथस्य पश्चात् - अनुरथम्) । अनुहरि, अनुविष्णु । (10) यथा (योग्यता, प्रत्येक, अनुसार) के अर्थ में - (a) अनु (रूपस्य योग्यम् - अनुरूपम्) । (b) प्रति (गृहं गृहं प्रति - प्रतिगृहम्) । (c) यथा (शक्तिमनतिक्रम्य - यथाशक्ति) । (11) आनुपूर्व्य अर्थ में अनु (अनुज्येष्ठम्) । (12) यौगपद्य अर्थ में सह/स (चक्रेण सह - सचक्रेम्) । (13) सादृश्य अर्थ में सह/स (सदृशः सख्या - ससखि) । (14) संपत्ति अर्थ में सह/स (सक्षत्रम्) । (15) साकल्य (सहित)  अर्थ में सह/स (सतृणम्) । (16) अन्त अर्थ में सह/स (साग्नि - 'अग्नि ग्रन्थ तक' ।  (17) तक अर्थ में आ (आसमुद्रम्, आबालवृद्धम्) । (18) बाहर अर्थ में बहि (बहिर्वनम्) । (19) समीप अर्त में अनु (अनुगङ्गं वाराणसी) ।"
20,147,समास,तत्पुरुष,"(तत्पुरुष) तत्पुरुष समास उसे कहते हैं, जहाँ पर दो या अदिक शब्दों के बीच में से द्वितीया, तृतीया, चतुर्थी, पंचमी, षष्ठी या सप्तमी विभक्ति का लोप होता है । समास होने पर बीच की विभक्ति का लोप हो जाएगा । जिस विभक्ति का लोप होगा, उसी विभक्ति के नाम से वह तत्पुरुष कहा जाएगा । जैसे - द्वितीया तत्पुरुष, षष्ठी तत्पुरुष आदि । (उत्तरपदार्थप्रधानस्तत्पुरुषः) इसमें बाद वाले पद का अर्थ मुख्य होता है । (1) द्वितीया (द्वितीया श्रितातीतपतित) । कृष्णं श्रितः - कृष्णश्रितः । दुःखम् अतीतः - दुःखातितः । दुःखं पतितः - दुःखपतितः । शोकं गतः - शोकगतः । मेघम् अत्यस्तः - मेघात्यस्तः । भयं प्राप्तः - भयप्राप्तः । जीविकाम् आपन्नः - जीविकापन्नः । (2) तृतीया (तृतीया तत्कृतार्थेन) । शङ्कुलया खण्डः - शङ्कुलाखण्डः । (कर्तृकरणे कृता) बाणेन आहतः - बाणाहतः । खड्गेन हतः - खड्गहतः । नखैर्भिन्नः - नखभिन्नः । हरिणा त्रातः - हरित्रातः । विद्यया हीनः - विद्याहीनः । (पूर्वसदृश) मासेन पूर्वः - मासपूर्वः । मात्रा सदृशः - मातृसदृशः । पितृसमः । माषोनम् । वाक्कलहः । आचारनिपुणः । गुडमिश्रः । ज्ञानशून्यः । पितृतुल्यः । एकोनम् । (3) चतुर्थी (चतुर्थी तदर्थार्थ) । यूपाय दारु - यूपदारु । द्विजाय इदम् - द्विजार्थम् । स्नानाय इदम् - स्नानार्थम् । भोजनार्थम् । भूताय बलिः - भूतबलिः । गवे हितम् - गोहितम् । गवे सुखम् - गोसुखम् । गोरक्षितम् । (4) पंचमी (पंचमी भयेन) चोराद् भयम् - चोरभयम् । शत्रुभयम् । राजभयम् । वृकभीतिः । (अपेतापोढ) सुखाद् अपेतः - सुखापेतः । कल्पनापोढः । रोगाद् मुक्तः - रोगमुक्तः । पापात् मुक्तः - पापमुक्तः । प्रासादात् पतितः - प्रासादपतितः । वृक्षपतितः । अश्वपतितः । (5) षष्ठी । राज्ञः पुरुषः - राजपुरुषः । ईश्वरस्य भक्तः - ईश्वरभक्तः । शिवभक्तः । विष्णुभक्तः । देवपूजकः । मूर्त्याः पूजा - मूर्तिपूजा । देवपूजा । विद्यालयः । देवालयः । देवमन्दिरम् । सुवर्णकुण्डलम् । (6) सप्तमी (सप्तमी शौण्डैः) । शास्त्रे निपुणः - शास्त्रनिपुणः । विद्यानिपुणः । युद्धनिपुणः । कार्यदक्षः । कार्यचतुरः । जले लीनः - जललीनः । जलमग्नः । (सिद्धशुष्क) आतपे शुष्कः - आतपशुष्क- । स्थालीपक्वः । चक्रबन्धः ।"
21,148,समास,कर्मधारय,"(तत्पुरुष समानाधिकरणः कर्मधारयः) तत्पुरुष के दोनों पदों में जब एक ही विभक्ति रहती है, तब उसे कर्मधारय कहते हैं । इसमें साधारणतया प्रथम पद विशेषण और दूसरा पद विशेष्य होता है । इसमें मुख्य नियम ये हैं - (1) विशेषण पूर्वपद कर्मधारय - (क) (विशेषणं विशेष्येण बहुलम्)  विशेषण विशेष्य समास । नीलम् उत्पलम् - नीलोत्पलम् । कृष्णः सर्पः - कृष्णसर्पः । नीलकमलम् । रक्तोत्पलम् । (ख) (किं क्षेपे) निन्दा अर्थ में किम् । कुत्सितः राजा - किंराजा । कुत्सितः सखा - किंसखा । (ग) (कुगतिप्रादयः) सुन्दर अर्थ में सु और कुत्सित अर्थ में कु । सुन्दरः पुरुषः - सुपुरुषः । सुपुत्रः । सुदेशः । सुदिनम् । कुत्सितः पुरुषः - कुपुरुषः । कुपुत्रः । कुदेशः । कुदिनम् । कुपुरुषः । (घ) (सन्महत्परमो) सन्, महत्, परम् आदि । सन् चासौ जनः - सज्जनः । महान् चासौ आत्मा - महात्मा । महादेवः । (ङ) (दिक्संख्ये संज्ञायाम्) जब दिशा और संख्या संज्ञावाची हों । सप्त च ते ऋषयः - सप्तर्षयः । (2) उपमानपूर्वपद कर्मधारय (उपमानानि सामान्यवचनैः) उपमान शब्द का गुणबोधक सामान्यधर्म के साथ । घन इव श्यामः - घनश्यामः । (3) उपमानोत्तरपद कर्मधारय (उपमितं व्याघ्रादिभिः) उपमेय का उपमान के साथ समास । पुरुषः व्याघ्र इव - पुरुषव्याघ्रः । मुखकमलम् । यह 'एव' लगाकर भी हो सकता है । मुखमेव कमलम् - मुखकमलम् । नरसिंहः । नृसिहः । करकमलम् । पादपद्मम् । पुरुषर्षभ । (4) विशेषणोभयपद कर्मधारय - (क) (वर्णो वर्णेन) दोनों रंगवाची हों । कृष्णश्चासौ श्वेतः - कृष्णश्वेतः । श्वेतरक्तम् । कृष्णसारङ्गः । (ख) (क्तेन नञ्) कृतं च तत् अकृतं च - कृताकृतम् । (पूर्वकालैक) स्नातश्च अनुलिप्तश्च - स्नातानुलिप्तः । (5) उत्तरुदलोपि समास (शाकपार्थिवादीनां सिद्धये) । शाकप्रियः पार्थिवः - शाकपार्थिवः । चन्द्रसदृशं मुखम् - चन्द्रमुखम् ।"
21,149,समास,द्विगु,"(संख्यापूर्वो द्विगुः) जब कर्मधारय समास में पहला शब्द संखयावाचक होता है, तो वह द्विगु समास होता है । अघिकतर यह समाहार (समूह) अर्थ में होता है और नपुंसकलिंग या स्त्रीलिंग एकवचन होता है । (1) समाहार अर्थ में । पञ्चानां गवां समाहारः - पञ्चगवम् । इसी प्रकार त्रिलोकी, त्रिभुवनम्, चतुर्युगम्, दशाब्दी, शताब्दी । (2) तद्धितार्थ में । षण्णां मातृृणाम् अपत्यम् - षाण्मातुरः । पञ्चकपालः । (3) उत्तर पद में । पञ्च गावो धनं यस्य सः - पञ्चगवधनः ।"
22,150,समास,बहुव्रीहि,"(अनेकमन्यपदार्थे - अन्यपदार्थप्रधानो बहुव्रीहिः) जिस समास से अन्य पद के अर्थ की प्रधानता होती है, उसे बहुव्रीहि समास कहते है । बहुव्रीहि समास होने पर समस्त पद स्वतन्त्र रूप से अपना अर्थ नही बताते, अपितु वे विशषण के रूप में काम करते है और अन्य वस्तु का बोध विशेष्य के रूप में कराते हैं । बहुव्रीहि की पहचान है कि अर्थ करने पर जहाँ, जिसको, जिसने, जिसका, जिसमें, आदि अर्थ निकले । बहुव्रीहि के पाँच भेद हैं - (1) समानाधिकरण, (2) व्यधिकरण, (3) सहार्थक, (4) कर्मव्यतिहार, (5) नञ् और उपसर्ग के साथ । (1) समानाधिकरण बहुव्रीहि - दोनों पदों में प्रथमा विभक्ति रहती है । अन्य पदार्थ कर्ता को छोड़कर कर्म, करण आदि कोई भी हो सकता है । जैसे । (क) कर्म । प्राप्तमुदकं यं सः - प्रापतोदकः । (ख) करण । ऊढः रथः येन सः - ऊढरथः (बैल) । हतशत्रुः (राजा) । उत्तीर्णपरीक्षः (छात्र) । कृतकृत्यः (मनुष्य) । जितेन्द्रियः (पुरुष) । दत्तचित्तः (पुरुष) । (ग) सम्प्रदान । दत्तं भोजनं यस्मै सः - दत्तभोजनः (भिक्षुक) । उपहृतपशुः (रुद्र) । दत्तधनः (पुरुष) । (घ) अपादान । उद्धृतम् ओदनं यस्मात् सा - उद्धृतौदना (स्थाली) । पतितं पर्णं यस्मात् सः - पतितपर्णः (वृक्ष) । निर्गतं भयं यस्मात् सः - निर्भयः (पुरुष) । निर्बलः । (ङ) सम्बन्ध । पीतम् अम्बरं यस्य सः - पीताम्बरः (कृष्ण) । दशाननः (रावण) । चतुराननः (ब्रह्मा) । चतुर्मुखः । पद्मयोनिः । महाशयः । महाबाहुः । लम्बकर्णः । चित्रगुः । (च) अधिकरण । वीराः पुरुषा यस्मिन् सः - वीरपुरुषः (ग्राम) । (2) व्यधिकरण बहुव्रीहि - इनमें दोनों पदों में विभक्तियाँ विभिन्न होता हैं । धनुः पाणौ यस्य सः - धनुष्पाणिः । चक्रपाणिः । कण्ठेकालः । चन्द्रशेखरः । (3) सहार्थक (तेन सहेति तुल्ययोगे)- साथ अर्थ से बहुव्रीहि । 'सह' को 'स' । पुत्रेण सहितः - सपुत्रः । साग्रजः । सानुजः । सबान्धवः । सविनयम् । सादरम् । (4) कर्मव्यतिहार - (तत्र तेनेदमिति सरूपे) तृतीयान्त या सप्तम्यन्त का युद्ध होना अर्थ में समास । पूर्वपद को दीर्घ, अन्त में इ लगेगा और अव्यय होगा । केशेषु गृहीत्वा इदं युद्धं प्रवृत्तम् - केशाकेशि । दण्डैश्च दण्डैश्च प्रहृत्य - दण्डादण्डि । मुष्टीमुष्टि । (5) नञादि । अविद्यमानः पुत्रः यस्य सः - अपुत्रः । प्रपतितपर्णः - प्रपर्णः । अस्तिक्षीरा गौः ।"
23,151,समास,बहुव्रीहि,"(स्त्रियाः पुंवद्भाषित) बहुव्रीहि समास में यदि पुंलिंग से बना हुआ स्त्रीलिंग शब्द प्रथम पद में हो, तो उसे पुंलिंग हो जाता है, 'ऊ' को नही । (गोस्त्रियोः) अन्तिम पद में गो को गु, आ के अ, ई को इ हो जाता है । रूपवती भार्या यस्य सः - रूपवद्भार्यः । चित्रा गावो यस्य सः - चित्रगुः । परन्तु, वामोरूभार्यः ही होगा ।"
23,152,समास,बहुव्रीहि,"बहुव्रीहि समास करने पर इन स्थानों पर अन्तिम पद में कुछ सनासान्त प्रत्यय या परिवर्तन होते हैं - (1) (जानाया निङ्) जाया को जानि हो जाता है । युवतिः जाया यस्य सः - युवजानिः । भूजानिः । महीजानिः । (2) (घनुषश्च) धनुष् को धन्वन् हो जाता है । पुष्पाणि धनुः यस्य सः - पुष्पधन्वा (कामदेव) । शार्ङ्गधन्वा । शतधन्वा । (3) (गन्धस्येदुत्) उत्, पूति, सु, सुरभि के बाद गन्ध को गन्धि होता है । शोभनः गन्धो यस्य सः - सुगन्धिः । सुरभिगन्धिः । (4) (पदस्य लोपो) 'पाद' को 'पाद्' हो जाता है, कोई उपमान शब्द पहले हो तो, हस्ति आदि को छोड़कर । (संख्यासुपूर्वस्य) कोई संख्या या 'सु' पहले हो तो भी 'पाद' को 'पाद्' हो जाता है । व्याघ्रपात् । द्विपात् । सुपात् । स्त्री में 'पाद' को 'पद्' होगा ।  द्विपदी । सप्तपदी । (5) (प्रासंभ्यां जानुनो ज्ञुः) प्र, सम् और ऊर्ध्व के बाद जानु को ज्ञु होता है । प्रज्ञुः । संज्ञुः । ऊर्ध्वज्ञुः । (6) (इच् कर्मव्यतिहारे) कर्मव्यतिहार में अनत में इ लग जायगा । केशाकेशि । दण्डादण्डि । बाहुबाहवि । (7) (धर्मादनिच्) धर्म शब्द को धर्मन् हो जाता है । कल्याणधर्मा । समानधर्मा । (8) (नित्यमसिच् प्रजामेधयोः)  नञ्, दुः, सु के बाद प्रजा और मेधा में अस् लग जाता है । अप्रजाः, सुप्रजाः । अमेधाः, दुर्मेधाः । (9) (उपसर्गाच्च) उपसर्ग के बाद नासिका को नस । प्रणसः । उन्नसः । (10) (द्वित्रिभ्यां ष मूर्ध्नः) द्वि और त्रि के बाद मूर्धन् को मूर्ध । द्विमूर्धः । त्रिमूर्धः । (11) (अङ्गुलेर्दारुणि) लकड़ी अर्थ में अङ्गुलि को अङ्गुल । पञ्चाङ्गुलं दारु । (12)  (बहुव्रीहौ) अक्षि को अक्ष । जलजाक्षः । कमलाक्षी । (13) (बहुव्रीहौ संख्येये) त्रि को त्र, विंशति को विंश और दशन् को दश । द्वित्राः । द्विदशाः । आसन्नविंशाः ।"
23,153,समास,बहुव्रीहि,"इन स्थानों पर अन्त में 'क' लगता है - (1) (उरःप्रभृतिभ्यः) उरस् आदि के बाद । व्यूढोरस्कः । प्रियसर्पिष्कः । (2) (इनः स्त्रियाम्) इन् प्रत्ययान्त के बाद । बहुदण्डिका नगरी । (3) (नद्यृतश्च) ई, ऊ, ऋ, के बाद । सुश्रीकः । सुवधूकः । सुमातृकः । (4) शेषाद् विभाषा) अन्यत्र विकल्प से । महायशस्कः, महायशाः ।"
24,154,समास,द्वन्द्व,"(चार्थे द्वन्द्वः) (उभयपदार्थप्रधानो द्वन्द्वः) जहाँ पर दो या अधिक शब्दों का इस प्रकार समास हो कि उनमें 'च' (और) अर्थ छिपा हुआ हो तो वह द्वन्द्व समास होता है । द्वन्द्व समास में दोनों पदों का अर्थ मुख्य होता है । द्वन्द्व समास की पहचान है कि जहाँ अर्थ करने पर बीच में 'और' अर्थ निकले । द्वन्द्व समास तीन प्रकार का होता है - 1) इतरेतर, 2) समाहार, 3) एकशेष । (1) इतरेतर - जहाँ पर बीच में 'और' का अर्थ होता है तथा शब्दों की संख्या के अनुसार अन्त में वचन होता है, अर्थात् दो वस्तुएँ हों तो द्विवचन, बहुत हों तो बहुवचन । प्रत्येक शब्द के बाद विग्रह में 'च' लगेगा । रामश्च कृष्णश्च - रामकृष्णौ । सीतारामौ । उमाशंकरौ । रामलक्षमणौ । भीमार्जुनौ । पत्रं च पुष्पं च फलं च - पत्रपुष्पफलानि । रामलक्षमणभरताः । (परवलिङ्गं द्वन्द्व) द्वन्द्व में अन्तिम शब्द के लिंग के अनुसार पूरे समास का लिंग होगा । मयूरी च कुक्कुटश्च - मयूरीकुक्कुटौ (पुलिंग) । कुक्कुटश्च मयूरी च - कुक्कुटमयूर्यौ (स्त्रीलिंग) । (2) समाहार - जहाँ पर कई शब्द अपना अर्थ बताते हुए समाहार (समूह) का अर्थ बताते हैं । इस समास में अन्त में नपुंसकलिंग एकवचन ही रहता है । यह समास मुख्यतः इन स्थानों पर होता है - (क) (द्वन्द्वश्च प्राणितूर्य) मनुष्य के अङ्ग, वाद्य के अङ्ग, सेना के अङ्ग में । पाणी च पादौ च - पाणिपादम् (हाथ-पैर) । मार्दङ्गिकपाणविकम् । रथिकाश्वारोहम् । (ख) (जातिरप्राणिनाम्) निर्जीव जातिवाचक शब्द । यवाश्च चणकाश्च - यवचणकम् । व्रीहियवम् । (ग) (येषां च विरोधः) जिनाका जन्मसिद्ध वैर हो । अहिनकुलम् । गोव्याघ्रम् । काकोलूकम् । (घ) (विभाषा वृक्षमृग) वृक्ष, मृग, पशु आदि में विकल्प से । कुशकाशम् । शुकबकम् । गोमहिषम् । दधिघृतम् । पूर्वापरम् । अधरोत्तरम् । (ङ) (विप्रतिषिद्धं) विरोधी चीजों में । शतोष्णम् । सुखदुःखम् । पापपुण्यम् । (च) (द्वन्द्वाच्चुदषहान्तात्) अन्त में चवर्ग, द्, श्, ह् होंगे तो 'अ' अन्त में जुड़ेगा । वाक्त्वचम् । त्वक्स्रजम् । शमीदृषदम् । वाक्त्विषम् । छत्रोपानहम् । (3) एकशेष - अभ्यास 25 में देखो ।"
28,169,वाच्य,कर्तृवाच्य,"'यत्' शब्द 'कि' अर्थ में भी आता है, तब वह नपुंसक लिंग एकवचन ही रहेगा । यह सत्य है कि .... सत्यमेतद् यत् सम्पत् सम्पदमनुबन्धातीति ।"
25,155,समास,एकशेष,"एकशेष मुख्यतः इन स्थानों पर होता है - (क) (सरूपाणाम्) द्विवचन और बहुवचन में एक शब्द शेष रहेगा, उसीसे विभक्ति होगी । वृक्षश्च वृक्षश्च - वृक्षौ । वृक्षाः । (ख) (पिता मात्रा) पिता-माता में पितृ शेष रहेगा, उसीसे द्विवचन होगा । माता च पिता च - पितरौ । (ग) (पुमान् स्त्रिया) स्त्रीलिंग और पुंलिंग में पुंलिंग शेष रहेगा, उसे द्विवचन होगा । हंसी च हंसश्च - हंसौ ।"
25,156,समास,एकशेष,"(नपुंसकमनपुंसकेन) यदि एक वाक्य में स्त्रीलिंग और पुंलिंग शब्द हैं तो सर्वनाम और क्रिया पुंलिंग होंगे । यदि स्त्रीलिंग, पुंलिंग और नपुंसकलिंग तीनों हैं तो सर्वनाम और क्रिया नपुंसकलिंग होंगे । शुक्लः पटः। शुक्ला शाटी । ताविमौ क्रीतौ ।"
25,157,समास,एकशेष,"(त्यदादीनि) कोई संज्ञा शब्द और सर्वनाम होगा, तो सर्वनाम शेष रहेगा । कई सर्वनाम होंगे तो अन्तिम शेष रहेगा । स रामश्च - तौ ।"
25,158,समास,एकशेष,"प्रथम, मध्यम, उत्तमपुरुष एकत्र हों तो क्रिया इस प्रकार रहेगी - (क) प्रथम + प्रथम = क्रिया प्रथमपुरुष । वचन संख्या के अनुसार । रामः रमा च पठतः । (ख) प्रथम + मध्यम = क्रिया मध्यमपुरुष । वचन संख्या के अनुसार । स त्वं च पठथः । ते यूयं च गच्छथ । यदि उत्तमपुरुष भी होगा तो उत्तम पुरुष शेष रहेगा (क्रिया उत्तमपुरुष ) । वचन संख्या के अनुसार । स त्वम् अहं च पठामः ।"
25,159,समास,नञ्,"(नञ्, तस्मान्नुडचि) तत्पुरुष और बहुव्रीहि में नञ् समास होता है । नञ् का 'अ' शेष रहता है । बाद में कोई स्वर होगा तो 'अ' को 'अन्' हो जायगा । न ब्राह्मणः - अब्राह्मणः । न पुत्रः यस्य सः - अपुत्रः । उपस्थितः - अनुपस्थितः । अतिथिः । अज्ञः । अनुचितः । अनादरः । अनीश्वरवादी ।"
25,160,समास,अलुक्,"जिन स्थानों पर बीच की विभक्ति का लोप नहीं होता है, उसे अलुक् समास कहते हैं । विभक्ति लोप इन स्थानों पर नही होता है । परस्मैपदम्, आत्मनेपदम्, युधिष्ठिरः, कण्ठेकालः (शिव), अन्तेवासिन् (शिष्य), पश्यतोहरः (सुनार, डाकू), देवानांप्रियः (मूर्ख), शुनःशेपः (नाम), दिवोदासः (नाम), खेचरः (देव आदि), सरसिजम् (कमल), मनसिजः (काम), पात्रेसमिताः (खाने के साथी), गेहेशूरः (घर में शीर), गेहेनर्दी (घर में ही चिल्लानेवाला) ।"
26,161,समास,समासान्त प्रत्यय,"(समासान्तप्रत्यय) निम्नलिखित स्थानों पर समास होने के बाद अन्त में केई प्रत्यय होता है । बहुव्रीहि के समासान्त प्रत्ययों के लिए पाठ 23 में देखें नियम 2 और 3 । द्वन्द्व के समासान्त प्रत्ययों के लिए पाठ 24 में देखें नियम 1 (च) द्वन्द्वाच्चुदषहान्तात् । (1) (राजाहःसखिभ्यष्टच्) । टच् होकर समास के अन्त में राजन् को राज, अहन् को अह या अह्न, सखि को सख हो जाता है । महान् चासौ राजा - महाराजः । देवराजः । उत्तमम् अहः - उत्तमाहः । कृष्णस्य सखा - कृष्णसखः । (2) (अह्नोSह्न एतेभ्यः) इन स्थानों पर अहन् को अह्न होता है । सर्वाह्णः, पूर्वाह्णः, मध्याह्नः, सायाह्नः, द्व्यह्नः, अपराह्णः । (न संख्यादेः) संख्या पहले होगी तो समाहार में अहन् को अहः ही होगा । एकाहः, द्व्यहः, त्र्यहः । (3) (आन्महतः) प्रथम पद के 'महत्' को 'महा' हो जाता है, कर्मधारय और बहुव्रीहि में । महात्मा, महादेवः, महाशयः । (4) (अहः सर्वैकदेशः) अच् होकर रात्रि को रात्र हो जाता है, अहः सर्व आदि के बाद । अहोरात्रः, सर्वरात्रः, पूर्वरात्रः, द्विरात्रम्, नवरात्रम्, अतिरात्रः । (5) (अनोSश्मायः) अनस्, अश्मन्, अयस्, और सरस् के अन्त में टच् (अ) जुड़ जाता है, जाति और संज्ञा अर्थ में । उपानसम्, अमृताश्मः, कालायसम्, मण्डूकसरसम् । महानसम् (रसोई), पिण्डाश्मः, लोहितायसम्, जलसरसम् ।"
27,162,स्त्रीप्रत्यय,स्त्रीप्रत्यय,"पुंलिंग शब्दों को स्त्रीलिंग बनाने के लिए जो प्रत्यय लगते हैं उन्हें  से स्त्रीप्रत्यय कहते हैं । ये साधारणतया 3 हैं - 1) टाप् (आ), 2) ङीप् (ई), 3) ङीष् (ई) । इनके रूप रमावत् या नदीवत् चलेंगे । (क) टाप् - (1) (अजाद्यतष्टाप्) अज आदि और अकारान्त शब्दों के अन्त में टाप् (आ) लगता है । जैसे अज - अजा । बाल - बाला । इसी प्रकार अश्वा, कोकिला, प्रथमा, द्वितीया, ज्येष्ठा, कनिष्ठा । (2) (प्रत्ययस्थात्कात्) यदि शब्द के अन्त में 'अक' होगा तो टाप् होने पर 'इका' हो जाएगा । कारक - कारिका । इसी प्रकार गायिका, अध्यापिका, मूषिका, बालिका ।"
29,172,पद,आत्मनेपदि,"(परिव्यवेभ्यः क्रियः) परि + क्री, वि + क्री, अव + क्री आत्मनेपदी होती है । परिक्रीणीते । विक्रीणीते । अवक्रीणीते ।"
29,173,पद,आत्मनेपदि,"(विपराभ्यां जेः) वि + जि, परा + जि आत्मनेपदी होती हैं । विजयते । पराजयते ।"
27,163,स्त्रीप्रत्यय,ङीप्,"(ख) ङीप् - (1) (उगितश्च) जिन प्रत्ययों में से उ या ऋ का लोप होता है, उनमें अन्त में ङीप् (ई) लगेगा । जैसे - मतुप्, शतृ, क्तवतु, ईयसुन् प्रत्ययवाले शब्द । मतुप् > श्रीमत् - श्रीमती । बुद्धिमती, विद्यावती, भगवती । शतृ > पठत् - पठन्ती । लिखन्ती, हसन्ती, गच्छन्ती, कुर्वन्ती । क्तवतु > गतवती, पठितवती । ईयस् > श्रेयसी, गरीयसी, भूयसी, ज्यायसी । (2) (ऋन्नेभ्यो ङीप्) अन्त में ऋ या न् होगा तो ङीप् (ई) लगेगा । कर्तृ - कर्त्री । हर्त्री, धर्त्री, कवयित्री, अध्येत्री, विधात्री । दण्डिन् > दण्डिनी । मानिनी, मनोहारिणि, तपस्विनी, राज्ञी । (3) (टिड् ढाणञ्) टित्, ढ (एय), अण् (अ), अञ् (अ), ठक् (इक), ठञ् (इक) आदि प्रत्यय होने पर ङीप् (ई) होगा । जैसे - टित् - नदी, पुरातनी, सनातनी । दैविकी, भौतिकी, आध्यात्मिकी । (4) (वयसि प्रथमे) बाल्य और युवा आयु में ङीप् (ई) होगा । कुमारी, किशोरी, तरुणी । (5) (द्विगोः) द्विगु समास में । त्रिलोकी, शताब्दी, चतुर्युगी ।"
27,164,स्त्रीप्रत्यय,ङीष्,"(ग) ङीष् - (1) (षिद्गौरादिभ्यश्च) षित् और गौर आदि से ङीष् (ई) । नर्तकी, गौरी, रजकी । (2) (पुंयोगादा) पुंलिंग से स्त्रीत्व में । गोप की स्त्री गोपी । शूद्री । (3) (जातेरस्त्री) जातिवाची शब्दों से । ब्राह्मण की स्त्री ब्राह्मणी । हिरणी, मृगी, सिंही । परन्तु क्षत्रिया, वैश्या ही होगा । (4) (वोतो गुणवचनात्) गुणवाची से विकल्प से । मृद्वी, मृदुः । (5) (इन्द्रवरुणभव) इन्द्र आदि में आनि लगेगा । इन्द्राणी, भव - भवानी, शर्व - शर्वाणी, मातुल - मातुलानी, उपाध्याय - उपाध्यायानी, आचार्य - आचार्याणी/आचार्या, यवन - यवनानी (लिपि) ।"
27,165,स्त्रीप्रत्यय,स्त्रीप्रत्यय,"इन शब्दों में स्त्रीलिंग में ये रूप होते हैं । पति - पत्नी, युवन् - युवतिः, श्वशुर - श्वश्रूः, विद्वस् - विदुषी, राजन् - राज्ञी, नर - नारी, युवत् - युवती ।"
30,178,पद,आत्मनेपदि,-
30,179,पद,आत्मनेपदि,-
30,180,पद,आत्मनेपदि,-
30,181,पद,आत्मनेपदि,-
30,182,पद,आत्मनेपदि,-
30,183,पद,आत्मनेपदि,-
30,184,पद,आत्मनेपदि,-
30,185,पद,परस्मैपदी,-
30,186,पद,परस्मैपदी,-
30,187,पद,परस्मैपदी,-
30,188,पद,परस्मैपदी,-
30,189,पद,परस्मैपदी,-
30,190,पद,परस्मैपदी,-
31,191,वाच्य,वाच्य,-
31,192,वाच्य,कर्म - भाववाच्य,-
31,193,वाच्य,कर्म - भाववाच्य,-
31,194,वाच्य,कर्म - भाववाच्य,-
32,195,वाच्य,कर्म - भाववाच्य,-
28,166,वाच्य,कर्तृवाच्य,"(कर्तृवाच्य) कर्तृवाच्य में कर्ता मुख्य होता है, कर्ता के अनुसार ही क्रिया का लिंग, वचन, विभक्ति या पुरुष होता है । कर्ता एकवचन होगा तो क्रिया एकवचन, द्विवचन होगा तो द्विवचन, बहुवचन होगा तो बहुवचन । बालकाः पुस्तकानि पठितवन्तः । बालिकाः पठितवत्यः । कर्तृवाच्य में इन बातों का ध्यान रखें - (1) यदि 'च' लगाकर कर्ता अनेक हों तो तदनुसार क्रिया द्विवचन या बहुवचन होगी । रामः कृष्णश्च गच्छतः । पाठ 25 का नियम 158 भी देखें । (2) यदि 'वा' लगा हो और प्रत्येक कर्ता एकवचन हों तो क्रिया एकवचन, यदि अन्तिम बहुवचन हो तो क्रिया बहुवचन । रामः कृष्णो वा पठतु । (3) कर्ता और कर्म के विशेषणों में कर्ता और कर्म के लिंग, वचनादि लगेंगे । रूपवती स्त्री । कभी 'च' लगने पर क्रिया अन्तिम कर्ता के अनुसार होती है । उद्वेगः कलहः च वर्धते । (5) विंशतिः, शतम्, सहस्रम् आदि निश्चित लिंग और निश्चित वचन हैं, इनमें अन्तर नहीं होगा । शतं जनाः । सहस्रं स्त्रियः । विंशतिः छात्राः ।"
28,167,वाच्य,कर्तृवाच्य,"(सापेक्ष सर्वनाम) 'यत्' (जो) और 'तत्' (वह) सापेक्ष सर्वनाम हैं । जो 'यत्' का लिंग, विभक्ति, वचन होगा, वही 'तत्' का होगा । बुद्धिर्यस्य बलं तस्य ।"
28,168,वाच्य,कर्तृवाच्य,"यदि प्रथम और द्वितीय वाक्य में लिंग-भेद होगा तो तत् शब्द का लिंग प्रायः द्वितीय वाक्यवत् होगा । शैत्यं हि यत्, सा प्रकृतिर्जलस्य ।"
28,170,पदक्रम,पदक्रम,"(पदक्रम) संस्कृत के वाक्यों में शब्दों के क्रम का कोई विशेष महत्तव नही है । कर्ता कर्म क्रिया आगे-पीछे भी रखे जा सकते हैं । स पुस्तकं पठति । पुस्तकं पठति सः ।  परन्तु साधारणतया नियम यह है कि - (1) पहले कर्ता, फिर कर्म, बाद में क्रिया । कर्ता और कर्म के विशेषण कर्ता और कर्म से पहले रखे जाएँगे । (2) सम्बोधन सबसे पहले रखा जाता है । (3) कर्म प्रवचनीय अनु प्रति आदि कर्म के बाद आते हैं । (4) सह, ऋते, विना आदि सम्बद्ध शब्द के बाद में आते हैं । (5) च, वा, तु, हि, चेत्, ये प्रारम्भ में नहीं आते । (6) प्रश्नवाचक अपि, किम्, कथम्, कियत् आदि, तथा विस्मयादिबोधक अव्यय - 'हो', 'हन्त' आदि, प्रारम्भ में आते हैं ।"
29,171,पद,आत्मनेपदि,(नेर्विशः) नि + विश् आत्मनेपदी होती है । निविशते ।
29,174,पद,आत्मनेपदि,"(आङो दोऽनास्यविहरणे) आ + दा आत्मनेपदी होती है, मुँह खोलना अर्थ न हो तो । विद्यामादत्ते । परन्तु - मुखं व्याददाति (मुँह खोलता है) ।"
29,175,पद,आत्मनेपदि,"(क) (शिक्षेर्जिज्ञासायाम्) जिज्ञासा अर्थ में शिक्ष् धातु आत्मनेपदी है । धनुषि शिक्षते । (ख) (हरतेर्गतताच्छील्ये) गति के अनुकरण में हृ धातु आत्मनेपदी है । पैतृकम् अश्वा अनुहरन्ते, मातृकं  गावः । (ग) (किरतेर्हर्षजीविकाकुलायकरणेषु) हर्ष, जीविका और आश्रयस्थान बनाने में कृ धातु आत्मनेपदी है । अप + कृ = अपस्कॄ हो जाता है ।अपस्किरते वृषो हृष्टः (भूमि खोदता है) । कुक्कुटो भक्षार्थी । श्वा आश्रयार्थी । (घ) (आङि नुप्रच्छ्योः) आ + नु, आ + प्रच्छ् आत्मनेपदी है । आनुते । आपृच्छते (विदाई लेता है) ।"
29,176,पद,आत्मनेपदि,"(क) (समप्रविभ्यः स्थः) सम् + स्था, अव + स्था, प्र + स्था, वि + स्था आत्मनेपदी होती हैं । सन्तिष्ठते । अवतिष्ठते । प्रतिष्ठते । वितिष्ठते । (ख) (आङः प्रतिज्ञायाम्) आ + स्था प्रतिज्ञा अर्थ में । शब्दं नित्यमातिष्ठते । (ग) (उदोऽनूर्ध्वकर्मणि) उत् + स्था आत्मनेपदी है, उठना अर्थ में न हो तो । मुक्तावुत्तिष्ठते (यत्न करता है) । परन्तु - आसनादुत्तिष्ठति । ग्रामाच्छतमुत्तिष्ठति (गाँव से सौ रु॰ लगान मिलता है) । (घ) (उपाद् देवपूजा॰) उप + स्था आत्मनेपदी होती है, देवपूजा, संगति करना, मित्र बनाना, मार्ग अर्थ में । आदित्यमुपतिष्ठते (पूजा करता है) । गङ्गा यमुनामुपतिष्ठते (मिलती है) । कृष्णमुपतिष्ठते (मित्र बनाता है) । पन्थाः प्रयागमुपतिष्ठते (रास्ता प्रयाग को जाता है) ।"
29,177,पद,आत्मनेपदि,"(समो गम्यृच्छिभ्याम्) अकर्मक सम् + गम् आत्मनेपदी है । संगच्छते । (अर्तिश्रुदृशिभ्यश्च॰) अकर्मक सम् + श्रु, सम् + दृश आत्मनेपदी है । संशृणुते ।"
