2,पठ्,पढ़ना,भ्वादिगण,परस्मैपदी,पठ् के लुङ् में अपठीत् आदि भी रूप होते हैं । हस् (लुङ्) के तुल्य रूप चलेंगे ।,पठति,पठतः,पठन्ति,पठसि,पठथः,पठथ,पठामि,पठावः,पठामः,पठतु,पठताम्,पठन्तु,पठ,पठतम्,पठत,पठानि,पठाव,पठाम,अपठत्,अपठताम्,अपठन्,अपठः,अपठतम्,अपठत,अपठम्,अपठाव,अपठाम,पठेत्,पठेताम्,पठेयुः,पठेः,पठेतम्,पठेत,पठेयम्,पठेव,पठेम,पठिता,पठितारौ,पठितारः,पठितासि,पठितास्थः,पठितास्थ,पठितास्मि,पठितास्वः,पठितास्मः,पठिष्यति,पठिष्यतः,पठिष्यन्ति,पठिष्यसि,पठिष्यथः,पठिष्यथ,पठिष्यामि,पठिष्यावः,पठिष्यामः,अपठिष्यत्,अपठिष्यताम्,अपठिष्यन्,अपठिष्यः,अपठिष्यतम्,अपठिष्यत,अपठिष्यम्,अपठिष्याव,अपठिष्याम,पठ्यात्,पठ्यास्ताम्,पठ्यासुः,पठ्याः,पठ्यास्तम्,पठ्यास्त,पठ्यासम्,पठ्यास्व,पठ्यास्म,पपाठ,पेठतुः,पेठुः,पेठिथ,पेठथुः,पेठ,पपाठ/पपठ,पेठिव,पेठिम,अपाठीत्,अपाठिष्टाम्,अपाठिषुः,अपाठीः,अपाठिष्टम्,अपाठिष्ट,अपाठिषम्,अपाठिष्व,अपाठिष्म
2,रक्ष्,रक्षा करना,भ्वादिगण,परस्मैपदी,,रक्षति,रक्षतः,रक्षन्ति,रक्षसि,रक्षथः,रक्षथ,रक्षामि,रक्षावः,रक्षामः,रक्षतु,रक्षताम्,रक्षन्तु,रक्ष,रक्षतम्,रक्षत,रक्षाणि,रक्षाव,रक्षाम,अरक्षत्,अरक्षताम्,अरक्षन्,अरक्षः,अरक्षतम्,अरक्षत,अरक्षम्,अरक्षाव,अरक्षाम,रक्षेत्,रक्षेताम्,रक्षेयुः,रक्षेः,रक्षेतम्,रक्षेत,रक्षेयम्,रक्षेव,रक्षेम,रक्षिता,रक्षितारौ,रक्षितारः,रक्षितासि,रक्षितास्थः,रक्षितास्थ,रक्षितास्मि,रक्षितास्वः,रक्षितास्मः,रक्षिष्यति,रक्षिष्यतः,रक्षिष्यन्ति,रक्षिष्यसि,रक्षिष्यथः,रक्षिष्यथ,रक्षिष्यामि,रक्षिष्यावः,रक्षिष्यामः,अरक्षिष्यत्,अरक्षिष्यताम्,अरक्षिष्यन्,अरक्षिष्यः,अरक्षिष्यतम्,अरक्षिष्यत,अरक्षिष्यम्,अरक्षिष्याव,अरक्षिष्याम,रक्ष्यात्,रक्ष्यास्ताम्,रक्ष्यासुः,रक्ष्याः,रक्ष्यास्तम्,रक्ष्यास्त,रक्ष्यासम्,रक्ष्यास्व,रक्ष्यास्म,ररक्ष,ररक्षतुः,ररक्षुः,ररक्षिथ,ररक्षथुः,ररक्ष,ररक्ष,ररक्षिव,ररक्षिम,अरक्षीत्,अरक्षिष्टाम्,अरक्षिषुः,अरक्षीः,अरक्षिष्टम्,अरक्षिष्ट,अरक्षिषम्,अरक्षिष्व,अरक्षिष्म
3,गम्,जाना,भ्वादिगण,परस्मैपदी,,गच्छति,गच्छतः,गच्छन्ति,गच्छसि,गच्छथः,गच्छथ,गच्छामि,गच्छावः,गच्छामः,गच्छतु,गच्छताम्,गच्छन्तु,गच्छ,गच्छतम्,गच्छत,गच्छानि,गच्छाव,गच्छाम,अगच्छत्,अगच्छताम्,अगच्छन्,अगच्छः,अगच्छतम्,अगच्छत,अगच्छम्,अगच्छाव,अगच्छाम,गच्छेत्,गच्छेताम्,गच्छेयुः,गच्छेः,गच्छेतम्,गच्छेत,गच्छेयम्,गच्छेव,गच्छेम,गन्ता,गन्तारौ,गन्तारः,गन्तासि,गन्तास्थः,गन्तास्थ,गन्तास्मि,गन्तास्वः,गन्तास्मः,गमिष्यति,गमिष्यतः,गमिष्यन्ति,गमिष्यसि,गमिष्यथः,गमिष्यथ,गमिष्यामि,गमिष्यावः,गमिष्यामः,अगमिष्यत्,अगमिष्यताम्,अगमिष्यन्,अगमिष्यः,अगमिष्यतम्,अगमिष्यत,अगमिष्यम्,अगमिष्याव,अगमिष्याम,गम्यात्,गम्यास्ताम्,गम्यासुः,गम्याः,गम्यास्तम्,गम्यास्त,गम्यासम्,गम्यास्व,गम्यास्म,जगाम,जग्मतुः,जग्मुः,जग्मिथ/जगन्थ,जग्मथुः,जग्म,जगाम/जगम,जग्मिव,जग्मिम,अगमत्,अगमताम्,अगमन्,अगमः,अगमतम्,अगमत,अगमम्,अगमाव,अगमाम
4,दृश्,देखना,भ्वादिगण,परस्मैपदी,,पश्यति,पश्यतः,पश्यन्ति,पश्यसि,पश्यथः,पश्यथ,पश्यामि,पश्यावः,पश्यामः,पश्यतु,पश्यताम्,पश्यन्तु,पश्य,पश्यतम्,पश्यत,पश्यानि,पश्याव,पश्याम,अपश्यत्,अपश्यताम्,अपश्यन्,अपश्यः,अपश्यतम्,अपश्यत,अपश्यम्,अपश्याव,अपश्याम,पश्येत्,पश्येताम्,पश्येयुः,पश्येः,पश्येतम्,पश्येत,पश्येयम्,पश्येव,पश्येम,द्रष्टा,द्रष्टारौ,द्रष्टारः,द्रष्टासि,द्रष्टास्थः,द्रष्टास्थ,द्रष्टास्मि,द्रष्टास्वः,द्रष्टास्मः,द्रक्ष्यति,द्रक्ष्यतः,द्रक्ष्यन्ति,द्रक्ष्यसि,द्रक्ष्यथः,द्रक्ष्यथ,द्रक्ष्यामि,द्रक्ष्यावः,द्रक्ष्यामः,अद्रक्ष्यत्,अद्रक्ष्यताम्,अद्रक्ष्यन्,अद्रक्ष्यः,अद्रक्ष्यतम्,अद्रक्ष्यत,अद्रक्ष्यम्,अद्रक्ष्याव,अद्रक्ष्याम,दृश्यात्,दृश्यास्ताम्,दृश्यासुः,दृश्याः,दृश्यास्तम्,दृश्यास्त,दृश्यासम्,दृश्यास्व,दृश्यास्म,ददर्श,ददृशतुः,ददृशुः,ददर्शिथ/दद्रष्ठ,ददृशथुः,ददृश,ददर्श,ददृशिव,ददृशिम,अदर्शत्/अद्राक्षीत्,अदर्शताम्/अद्राष्टाम्,अदर्शन्/अद्राक्षुः,अदर्शः/अद्राक्षीः,अदर्शतम्/अद्राष्टम्,अदर्शत/अद्राष्ट,अदर्शम्/अद्राक्षम्,अदर्शाव/अद्राक्ष्व,अदर्शाम/अद्राक्ष्म
5,सद्,बैठना,भ्वादिगण,परस्मैपदी,,सीदति,सीदतः,सीदन्ति,सीदसि,सीदथः,सीदथ,सीदामि,सीदावः,सीदामः,सीदतु,सीदताम्,सीदन्तु,सीद,सीदतम्,सीदत,सीदानि,सीदाव,सीदाम,असीदत्,असीदताम्,असीदन्,असीदः,असीदतम्,असीदत,असीदम्,असीदाव,असीदाम,सीदेत्,सीदेताम्,सीदेयुः,सीदेः,सीदेतम्,सीदेत,सीदेयम्,सीदेव,सीदेम,सत्ता,सत्तारौ,सत्तारः,सत्तासि,सत्तास्थः,सत्तास्थ,सत्तास्मि,सत्तास्वः,सत्तास्मः,सत्स्यति,सत्स्यतः,सत्स्यन्ति,सत्स्यसि,सत्स्यथः,सत्स्यथ,सत्स्यामि,सत्स्यावः,सत्स्यामः,असत्स्यत्,असत्स्यताम्,असत्स्यन्,असत्स्यः,असत्स्यतम्,असत्स्यत,असत्स्यम्,असत्स्याव,असत्स्याम,सद्यात्,सद्यास्ताम्,सद्यासुः,सद्याः,सद्यास्तम्,सद्यास्त,सद्यासम्,सद्यास्व,सद्यास्म,ससाद,सेदतुः,सेदुः,सेदिथ/ससत्थ,सेदथुः,सेद,ससाद/ससद,सेदिव,सेदिम,असदत्,असदताम्,असदन्,असदः,असदतम्,असदत,असदम्,असदाव,असदाम
5,पा (पीना),पीना,भ्वादिगण,परस्मैपदी,,पिबति,पिबतः,पिबन्ति,पिबसि,पिबथः,पिबथ,पिबामि,पिबावः,पिबामः,पिबतु,पिबताम्,पिबन्तु,पिब,पिबतम्,पिबत,पिबानि,पिबाव,पिबाम,अपिबत्,अपिबताम्,अपिबन्,अपिबः,अपिबतम्,अपिबत,अपिबम्,अपिबाव,अपिबाम,पिबेत्,पिबेताम्,पिबेयुः,पिबेः,पिबेतम्,पिबेत,पिबेयम्,पिबेव,पिबेम,पाता,पातारौ,पातारः,पातासि,पातास्थः,पातास्थ,पातास्मि,पातास्वः,पातास्मः,पास्यति,पास्यतः,पास्यन्ति,पास्यसि,पास्यथः,पास्यथ,पास्यामि,पास्यावः,पास्यामः,अपास्यत्,अपास्यताम्,अपास्यन्,अपास्यः,अपास्यतम्,अपास्यत,अपास्यम्,अपास्याव,अपास्याम,पेयात्,पेयास्ताम्,पेयासुः,पेयाः,पेयास्तम्,पेयास्त,पेयासम्,पेयास्व,पेयास्म,पपौ,पपतुः,पपुः,पपिथ/पपाथ,पपथुः,पप,पपौ,पपिव,पपिम,अपात्,अपाताम्,अपुः,अपाः,अपातम्,अपात,अपाम्,अपाव,अपाम
6,सेव्,सेवा करना,भ्वादिगण,आत्मनेपदि,लङ् लुङ् और लृङ् में धातु से पहले अ लगता है । यदि धातु का प्रथम अक्षर स्वर होगा तो धातु से पहले आ लगेगा और सन्धि कार्य भी होगा ।,सेवते,सेवेते,सेवन्ते,सेवसे,सेवेथे,सेवध्वे,सेवे,सेवावहे,सेवामहे,सेवताम्,सेवेताम्,सेवन्ताम्,सेवस्व,सेवेथाम्,सेवध्वम्,सेवै,सेवावहै,सेवामहै,असेवत,असेवेताम्,असेवन्त,असेवथाः,असेवेथाम्,असेवध्वम्,असेवे,असेवावहि,असेवामहि,सेवेत,सेवेयाताम्,सेवेरन्,सेवेथाः,सेवेयाथाम्,सेवेध्वम्,सेवेय,सेवेवहि,सेवेमहि,सेविता,सेवितारौ,सेवितारः,सेवितासे,सेवितासाथे,सेविताध्वे,सेविताहे,सेवितास्वहे,सेवितास्महे,सेविष्यते,सेविष्येते,सेविष्यन्ते,सेविष्यसे,सेविष्येथे,सेविष्यध्वे,सेविष्ये,सेविष्यावहे,सेविष्यामहे,असेविष्यत,असेविष्येताम्,असेविष्यन्त,असेविष्यथाः,असेविष्येथाम्,असेविष्यध्वम्,असेविष्ये,असेविष्यावहि,असेविष्यामहि,सेविषीष्ट,सेविषीयास्ताम्,सेविषीरन्,सेविषीष्ठाः,सेविषीयास्थाम्,सेविषीध्वम्,सेविषीय,सेविषीवहि,सेविषीमहि,सिषेवे,सिषेवाते,सिषेविरे,सिषेविषे,सिषेवाथे,सिषेविध्वे,सिषेवे,सिषेविवहे,सिषेविमहे,असेविष्ट,असेविषाताम्,असेविषत,असेविष्ठाः,असेविषाथाम्,असेविध्वम्,असेविषि,असेविष्वहि,असेविष्महि
7,ईक्ष,देखना,भ्वादिगण,आत्मनेपदि,लङ् लुङ् और लृङ् में धातु से पहले अ लगता है । यदि धातु का प्रथम अक्षर स्वर होगा तो धातु से पहले आ लगेगा और सन्धि कार्य भी होगा ।,ईक्षते,ईक्षेते,ईक्षन्ते,ईक्षसे,ईक्षेथे,ईक्षध्वे,ईक्षे,ईक्षावहे,ईक्षामहे,ईक्षताम्,ईक्षेताम्,ईक्षन्ताम्,ईक्षस्व,ईक्षेथाम्,ईक्षध्वम्,ईक्षै,ईक्षावहै,ईक्षामहै,ऐक्षत,ऐक्षेताम्,ऐक्षन्त,ऐक्षथाः,ऐक्षेथाम्,ऐक्षध्वम्,ऐक्षे,ऐक्षावहि,ऐक्षामहि,ईक्षेत,ईक्षेयाताम्,ईक्षेरन्,ईक्षेथाः,ईक्षेयाथाम्,ईक्षेध्वम्,ईक्षेय,ईक्षेवहि,ईक्षेमहि,ईक्षिता,ईक्षितारौ,ईक्षितारः,ईक्षितासे,ईक्षितासाथे,ईक्षिताध्वे,ईक्षिताहे,ईक्षितास्वहे,ईक्षितास्महे,ईक्षिष्यते,ईक्षिष्येते,ईक्षिष्यन्ते,ईक्षिष्यसे,ईक्षिष्येथे,ईक्षिष्यध्वे,ईक्षिष्ये,ईक्षिष्यावहे,ईक्षिष्यामहे,ऐक्षिष्यत,ऐक्षिष्येताम्,ऐक्षिष्यन्त,ऐक्षिष्यथाः,ऐक्षिष्येथाम्,ऐक्षिष्यध्वम्,ऐक्षिष्ये,ऐक्षिष्यावहि,ऐक्षिष्यामहि,ईक्षिषीष्ट,ईक्षिषीयास्ताम्,ईक्षिषीरन्,ईक्षिषीष्ठाः,ईक्षिषीयास्थाम्,ईक्षिषीध्वम्,ईक्षिषीय,ईक्षिषीवहि,ईक्षिषीमहि,ईक्षांचक्रे,ईक्षांचक्राते,ईक्षांचक्रिरे,ईक्षांचकृषे,ईक्षांचक्राथे,ईक्षांचकृढ्वे,ईक्षांचक्रे,ईक्षांचकृवहे,ईक्षांचकृमहे,ऐक्षिष्ट,ऐक्षिषाताम्,ऐक्षिषत,ऐक्षिष्ठाः,ऐक्षिषाथाम्,ऐक्षिध्वम्,ऐक्षिषि,ऐक्षिष्वहि,ऐक्षिष्महि
7,वृध्,बढ़ना,भ्वादिगण,आत्मनेपदि,,वर्धते,वर्धेते,वर्धन्ते,वर्धसे,वर्धेथे,वर्धध्वे,वर्धे,वर्धावहे,वर्धामहे,वर्धताम्,वर्धेताम्,वर्धन्ताम्,वर्धस्व,वर्धेथाम्,वर्धध्वम्,वर्धै,वर्धावहै,वर्धामहै,अवर्धत,अवर्धेताम्,अवर्धन्त,अवर्धथाः,अवर्धेथाम्,अवर्धध्वम्,अवर्धे,अवर्धावहि,अवर्धामहि,वर्धेत,वर्धेयाताम्,वर्धेरन्,वर्धेथाः,वर्धेयाथाम्,वर्धेध्वम्,वर्धेय,वर्धेवहि,वर्धेमहि,वर्धिता,वर्धितारौ,वर्धितारः,वर्धितासे,वर्धितासाथे,वर्धिताध्वे,वर्धिताहे,वर्धितास्वहे,वर्धितास्महे,वर्धिष्यते/वर्त्स्यति,वर्धिष्येते/वर्त्स्यतः,वर्धिष्यन्ते/वर्त्स्यन्ति,वर्धिष्यसे/वर्त्स्यसि,वर्धिष्येथे/वर्त्स्यथः,वर्धिष्यध्वे/वर्त्स्यथ,वर्धिष्ये/वर्त्स्यामि,वर्धिष्यावहे/वर्त्स्यावः,वर्धिष्यामहे/वर्त्स्यामः,अवर्धिष्यत/अवर्त्स्यत्,अवर्धिष्येताम्/अवर्त्स्येताम्,अवर्धिष्यन्त/अवर्त्स्यन्त,अवर्धिष्यथाः/अवर्त्स्यष्यथाः,अवर्धिष्येथाम्/अवर्त्स्यथाम्,अवर्धिष्यध्वम्/अवर्त्स्यध्वम्,अवर्धिष्ये/अवर्त्स्ये,अवर्धिष्यावहि/अवर्त्स्यावहि,अवर्धिष्यामहि/अवर्त्स्यामहि,वर्धिषीष्ट,वर्धिषीयास्ताम्,वर्धिषीरन्,वर्धिषीष्ठाः,वर्धिषीयास्थाम्,वर्धिषीध्वम्,वर्धिषीय,वर्धिषीवहि,वर्धिषीमहि,ववृधे,ववृधाते,ववृधिरे,ववृधिषे,ववृधाथे,ववृधिध्वे,ववृधे,ववृधिवहे,ववृधिमहे,अवर्धिष्ट/अवृधत्,अवर्धिषाताम्/अवृधताम्,अवर्धिषत/अवृधन्,अवर्धिष्ठाः/अवृधः,अवर्धिषाथाम्/अवृधतम्,अवर्धिध्वम्/अवृधत,अवर्धिषि/अवृधम्,अवर्धिष्वहि/अवृधाव,अवर्धिष्महि/अवृधाम
9,स्था,रुकना,भ्वादिगण,परस्मैपदी,,तिष्ठति,तिष्ठतः,तिष्ठन्ति,तिष्ठसि,तिष्ठथः,तिष्ठथ,तिष्ठामि,तिष्ठावः,तिष्ठामः,तिष्ठतु,तिष्ठताम्,तिष्ठन्तु,तिष्ठ,तिष्ठतम्,तिष्ठत,तिष्ठानि,तिष्ठाव,तिष्ठाम,अतिष्ठत्,अतिष्ठताम्,अतिष्ठन्,अतिष्ठः,अतिष्ठतम्,अतिष्ठत,अतिष्ठम्,अतिष्ठाव,अतिष्ठाम,तिष्ठेत्,तिष्ठेताम्,तिष्ठेयुः,तिष्ठेः,तिष्ठेतम्,तिष्ठेत,तिष्ठेयम्,तिष्ठेव,तिष्ठेम,स्थाता,स्थातारौ,स्थातारः,स्थातासि,स्थातास्थः,स्थातास्थ,स्थातास्मि,स्थातास्वः,स्थातास्मः,स्थास्यति,स्थास्यतः,स्थास्यन्ति,स्थास्यसि,स्थास्यथः,स्थास्यथ,स्थास्यमि,स्थास्यवः,स्थास्यमः,अस्थास्यत्,अस्थास्यताम्,अस्थास्यन्,अस्थास्यः,अस्थास्यतम्,अस्थास्यत,अस्थास्यम्,अस्थास्याव,अस्थास्याम,स्थेयात्,स्थेयास्ताम्,स्थेयासुः,स्थेयाः,स्थेयास्तम्,स्थेयास्त,स्थेयासम्,स्थेयास्व,स्थेयास्म,तस्थौ,तस्थतुः,तस्थुः,तस्थिथ/तस्थाथ,तस्थथुः,तस्थ,तस्थौ,तस्थिव,तस्थिम,अस्थात्,अस्थाताम्,अस्थुः,अस्थाः,अस्थातम्,अस्थात,अस्थाम्,अस्थाव,अस्थाम
8,रम्,मन लगना/क्रीडा करना,भ्वादिगण,आत्मनेपदि,,1,2,3,4,5,6,7,8,9,10,11,12,13,14,15,16,17,18,19,20,21,22,23,24,25,26,27,28,29,30,31,32,33,34,35,36,37,38,39,40,41,42,43,44,45,46,47,48,49,50,51,52,53,54,55,56,57,58,59,60,61,62,63,64,65,66,67,68,69,70,71,72,73,74,75,76,77,78,79,80,81,82,83,84,85,86,87,88,89,90
8,मन्त्र्,मन्त्रणा करना,भ्वादिगण,आत्मनेपदि,,1,2,3,4,5,6,7,8,9,10,11,12,13,14,15,16,17,18,19,20,21,22,23,24,25,26,27,28,29,30,31,32,33,34,35,36,37,38,39,40,41,42,43,44,45,46,47,48,49,50,51,52,53,54,55,56,57,58,59,60,61,62,63,64,65,66,67,68,69,70,71,72,73,74,75,76,77,78,79,80,81,82,83,84,85,86,87,88,89,90
11,पच्,पकाना,भ्वादिगण,परस्मैपदी,,पचति,पचतः,पचन्ति,पचसि,पचथः,पचथ,पचामि,पचावः,पचामः,पचतु,पचताम्,पचन्तु,पच,पचतम्,पचत,पचानि,पचाव,पचाम,अपचत्,अपचताम्,अपचन्,अपचः,अपचतम्,अपचत,अपचम्,अपचाव,अपचाम,पचेत्,पचेताम्,पचेयुः,पचेः,पचेतम्,पचेत,पचेयम्,पचेव,पचेम,पक्ता,पक्तारौ,पक्तारः,पक्तासि,पक्तास्थः,पक्तास्थ,पक्तास्मि,पक्तास्वः,पक्तास्मः,पक्ष्यति,पक्ष्यतः,पक्ष्यन्ति,पक्ष्यसि,पक्ष्यथः,पक्ष्यथ,पक्ष्यामि,पक्ष्यावः,पक्ष्यामः,अपक्ष्यत्,अपक्ष्यताम्,अपक्ष्यन्,अपक्ष्यः,अपक्ष्यतम्,अपक्ष्यत,अपक्ष्यम्,अपक्ष्याव,अपक्ष्याम,पच्यात्,पच्यास्ताम्,पच्यासुः,पच्याः,पच्यास्तम्,पच्यास्त,पच्यासम्,पच्यास्व,पच्यास्म,पपाच,पेचतुः,पेचुः,पेचिथ/पपक्थ,पेचथुः,पेच,पपाच/पपच,पेचिव,पेचिम,अपाक्षीत्,अपाक्ताम्,अपाक्षुः,अपाक्षीः,अपाक्तम्,अपाक्त,अपाक्षम्,अपाक्ष्व,अपाक्ष्म
11,नम्,नमस्कार करना,भ्वादिगण,परस्मैपदी,,नमति,नमतः,नमन्ति,नमसि,नमथः,नमथ,नमामि,नमावः,नमामः,नमतु,नमताम्,नमन्तु,नम,नमतम्,नमत,नमानि,नमाव,नमाम,अनमत्,अनमताम्,अनमन्,अनमः,अनमतम्,अनमत,अनमम्,अनमाव,अनमाम,नमेत्,नमेताम्,नमेयुः,नमेः,नमेतम्,नमेत,नमेयम्,नमेव,नमेम,नन्ता,नन्तारौ,नन्तारः,नन्तासि,नन्तास्थः,नन्तास्थ,नन्तास्मि,नन्तास्वः,नन्तास्मः,नंस्यति,नंस्यतः,नंस्यन्ति,नंस्यसि,नंस्यथः,नंस्यथ,नंस्यामि,नंस्यावः,नंस्यामः,अनंस्यत्,अनंस्यताम्,अनंस्यन्,अनंस्यः,अनंस्यतम्,अनंस्यत,अनंस्यम्,अनंस्याव,अनंस्याम,नम्यात्,नम्यास्ताम्,नम्यासुः,नम्याः,नम्यास्तम्,नम्यास्त,नम्यासम्,नम्यास्व,नम्यास्म,ननाम,नमेतुः,नेमुः,नेमिथ/ननन्थ,नेमतुः,नेम,ननाम/ननम,नेमिव,नेमिम,अनंसीत्,अनंसिष्टाम्,अनंसिषुः,अनंसीः,अनंसिष्टम्,अनंसिष्ट,अनंसिषम्,अनंसिष्व,अनंसिष्म
12,स्मृ,स्मरण करना,भ्वादिगण,परस्मैपदी,,स्मरति,स्मरतः,स्मरन्ति,स्मरसि,स्मरथः,स्मरथ,स्मरामि,स्मरावः,स्मरामः,स्मरतु,स्मरताम्,स्मरन्तु,स्मर,स्मरतम्,स्मरत,स्मराणि,स्मराव,स्मराम,अस्मरत्,अस्मरताम्,अस्मरन्,अस्मरः,अस्मरतम्,अस्मरत,अस्मरम्,अस्मराव,अस्मराम,स्मरेत्,स्मरेताम्,स्मरेयुः,स्मरेः,स्मरेतम्,स्मरेत,स्मरेयम्,स्मरेव,स्मरेम,स्मर्ता,स्मर्तारौ,स्मर्तारः,स्मर्तासि,स्मर्तास्थः,स्मर्तास्थ,स्मर्तास्मि,स्मर्तास्वः,स्मर्तास्मः,स्मरिष्यति,स्मरिष्यतः,स्मरिष्यन्ति,स्मरिष्यसि,स्मरिष्यथः,स्मरिष्यथ,स्मरिष्यामि,स्मरिष्यावः,स्मरिष्यामः,अस्मरिष्यत्,अस्मरिष्यताम्,अस्मरिष्यन्,अस्मरिष्यः,अस्मरिष्यतम्,अस्मरिष्यत,अस्मरिष्यम्,अस्मरिष्याव,अस्मरिष्याम,स्मर्यात्,स्मर्यास्ताम्,स्मर्यासुः,स्मर्याः,स्मर्यास्तम्,स्मर्यास्त,स्मर्यासम्,स्मर्यास्व,स्मर्यास्म,सस्मार,सस्मरतुः,सस्मरुः,सस्मर्थ,सस्मरथुः,सस्मर,सस्मार/सस्मर,सस्मरिव,सस्मरिम,अस्मार्षीत्,अस्मार्ष्टाम्,अस्मार्षुः,अस्मार्षीः,अस्मार्ष्टम्,अस्मार्ष्ट,अस्मार्षम्,अस्मार्ष्व,अस्मार्ष्म
14,कृष्,जोतना,भ्वादिगण,परस्मैपदी,लुङ् में अकृक्षत् और अक्राक्षीत् भी रूप बनेंगे ।,कर्षति,कर्षतः,कर्षन्ति,कर्षसि,कर्षथः,कर्षथ,कर्षामि,कर्षावः,कर्षामः,कर्षतु,कर्षताम्,कर्षन्तु,कर्ष,कर्षतम्,कर्षत,कर्षाणि,कर्षाव,कर्षाम,अकर्षत्,अकर्षताम्,अकर्षन्,अकर्षः,अकर्षतम्,अकर्षत,अकर्षम्,अकर्षाव,अकर्षाम,कर्षेत्,कर्षेताम्,कर्षेयुः,कर्षेः,कर्षेतम्,कर्षेत,कर्षेयम्,कर्षेव,कर्षेम,कर्ष्टा/क्रष्टा,कर्ष्टारौ/क्रष्टारौ,कर्ष्टारः/क्रष्टारः,कर्ष्टासि/क्रष्टासि,कर्ष्टास्थः/क्रष्टास्थः,कर्ष्टास्थ/क्रष्टास्थ,कर्ष्टास्मि/क्रष्टास्मि,कर्ष्टास्वः/क्रष्टास्वः,कर्ष्टास्मः/क्रष्टास्मः,कर्क्ष्यति/क्रक्ष्यति,कर्क्ष्यतः/क्रक्ष्यतः,कर्क्ष्यन्ति/क्रक्ष्यन्ति,कर्क्ष्यसि/क्रक्ष्यसि,कर्क्ष्यथः/क्रक्ष्यथः,कर्क्ष्यथ/क्रक्ष्यथ,कर्क्ष्यामि/क्रक्ष्यामि,कर्क्ष्यावः/क्रक्ष्यावः,कर्क्ष्यामः/क्रक्ष्यामः,अकर्क्ष्यत्/अक्रक्ष्यत्,अकर्क्ष्यताम्/अक्रक्ष्यताम्,अकर्क्ष्यन्/अक्रक्ष्यन्,अकर्क्ष्यः/अक्रक्ष्यः,अकर्क्ष्यतम्/अक्रक्ष्यतम्,अकर्क्ष्यत/अक्रक्ष्यत,अकर्क्ष्यम्/अक्रक्ष्यम्,अकर्क्ष्याव/अक्रक्ष्याव,अकर्क्ष्याम/अक्रक्ष्याम,कृष्यात्,कृष्यास्ताम्,कृष्यासुः,कृष्याः,कृष्यास्तम्,कृष्यास्त,कृष्यासम्,कृष्यास्व,कृष्यास्म,चकर्ष,चकृषतुः,चकृषुः,चकर्षिथ,चकृषथुः,चकृष,चकर्ष,चकृषिव,चकृषिम,अकार्क्षीत्,अकार्ष्टाम्,अकार्क्षुः,अकार्क्षीः,अकार्ष्टम्,अकार्ष्ट,अकार्क्षम्,अकार्क्ष्व,अकार्क्ष्म
13,घ्रा,सूँघना,भ्वादिगण,परस्मैपदी,,जिघ्रति,जिघ्रतः,जिघ्रन्ति,जिघ्रसि,जिघ्रथः,जिघ्रथ,जिघ्रामि,जिघ्रावः,जिघ्रामः,जिघ्रतु,जिघ्रताम्,जिघ्रन्तु,जिघ्र,जिघ्रतम्,जिघ्रत,जिघ्राणि,जिघ्राव,जिघ्राम,अजिघ्रत्,अजिघ्रताम्,अजिघ्रन्,अजिघ्रः,अजिघ्रतम्,अजिघ्रत,अजिघ्रम्,अजिघ्राव,अजिघ्राम,जिघ्रेत्,जिघ्रेताम्,जिघ्रेयुः,जिघ्रेः,जिघ्रेतम्,जिघ्रेत,जिघ्रेयम्,जिघ्रेव,जिघ्रेम,घ्राता,घ्रातारौ,घ्रातारः,घ्रातासि,घ्रातास्थः,घ्रातास्थ,घ्रातास्मि,घ्रातास्वः,घ्रातास्मः,घ्रास्यति,घ्रास्यतः,घ्रास्यन्ति,घ्रास्यसि,घ्रास्यथः,घ्रास्यथ,घ्रास्यामि,घ्रास्यावः,घ्रास्यामः,अघ्रास्यत्,अघ्रास्यताम्,अघ्रास्यन्,अघ्रास्यः,अघ्रास्यतम्,अघ्रास्यत,अघ्रास्यम्,अघ्रास्याव,अघ्रास्याम,घ्रेयात्/घ्रायात्,घ्रेयास्ताम्/घ्रायास्ताम्,घ्रेयासुः/घ्रायासुः,घ्रेयाः/घ्रायाः,घ्रेयास्तम्/घ्रायास्तम्,घ्रेयास्त/घ्रायास्त,घ्रेयासम्/घ्रायासम्,घ्रेयास्व/घ्रायास्व,घ्रेयास्म/घ्रायास्म,जघ्रौ,जघ्रतुः,जघ्रुः,जघ्राथ/जघ्रिथ,जघ्रथुः,जघ्र,जघ्रौ,जघ्रिव,जघ्रिम,अघ्रात्/अघ्रासीत्,अघ्राताम्/अघ्रासिष्टाम्,अघ्रुः/अघ्रासिषुः,अघ्राः/अघ्रासीः,अघ्रातम्/अघ्रासिष्टम्,अघ्रात/अघ्रासिष्ट,अघ्राम्/अघ्रासिषम्,अघ्राव/अघ्रासिष्व,अघ्राम/अघ्रासिष्म
14,वस्,रहना,भ्वादिगण,परस्मैपदी,,वसति,वसतः,वसन्ति,वससि,वसथः,वसथ,वसामि,वसावः,वसामः,वसतु,वसताम्,वसन्तु,वस,वसतम्,वसत,वसानि,वसाव,वसाम,अवसत्,अवसताम्,अवसन्,अवसः,अवसतम्,अवसत,अवसम्,अवसाव,अवसाम,वसेत्,वसेताम्,वसेयुः,वसेः,वसेतम्,वसेत,वसेयम्,वसेव,वसेम,वस्ता,वस्तारौ,वस्तारः,वस्तासि,वस्तास्थः,वस्तास्थ,वस्तास्मि,वस्तास्वः,वस्तास्मः,वत्स्यति,वत्स्यतः,वत्स्यन्ति,वत्स्यसि,वत्स्यथः,वत्स्यथ,वत्स्यामि,वत्स्यावः,वत्स्यामः,अवत्स्यत्,अवत्स्यताम्,अवत्स्यन्,अवत्स्यः,अवत्स्यतम्,अवत्स्यत,अवत्स्यम्,अवत्स्याव,अवत्स्याम,उष्यात्,उष्यास्ताम्,उष्यासुः,उष्याः,उष्यास्तम्,उष्यास्त,उष्यासम्,उष्यास्व,उष्यास्म,उवास,ऊषतुः,ऊषुः,उवसिथ/उवस्थ,उषथुः,ऊष,उवास/उवस,ऊषिव,ऊषिम,अवात्सीत्,अवात्ताम्,अवात्सुः,अवात्सीः,अवात्तम्,अवात्त,अवात्सम्,अवात्स्व,अवात्स्म
16,याच् (पर),माँगना,भ्वादिगण,परस्मैपदी,उभयपदी,याचति,याचतः,याचन्ति,याचसि,याचथः,याचथ,याचामि,याचावः,याचामः,याचतु,याचताम्,याचन्तु,याच,याचतम्,याचत,याचानि,याचाव,याचाम,अयाचत्,अयाचताम्,अयाचन्,अयाचः,अयाचतम्,अयाचत,अयाचम्,अयाचाव,अयाचाम,याचेत्,याचेताम्,याचेयुः,याचेः,याचेतम्,याचेत,याचेयम्,याचेव,याचेम,याचिता,याचितारौ,याचितारः,याचितासि,याचितास्थः,याचितास्थ,याचितास्मि,याचितास्वः,याचितास्मः,याचिष्यति,याचिष्यतः,याचिष्यन्ति,याचिष्यसि,याचिष्यथः,याचिष्यथ,याचिष्यामि,याचिष्यावः,याचिष्यामः,अयाचिष्यत्,अयाचिष्यताम्,अयाचिष्यन्,अयाचिष्यः,अयाचिष्यतम्,अयाचिष्यत,अयाचिष्यम्,अयाचिष्याव,अयाचिष्याम,याच्यात्,याच्यास्ताम्,याच्यासुः,याच्याः,याच्यास्तम्,याच्यास्त,याच्यासम्,याच्यास्व,याच्यास्म,ययाच,ययाचतुः,ययाचुः,ययाचिथ,ययाचथुः,ययाच,ययाच,ययाचिव,ययाचिम,अयाचीत्,अयाचिष्टाम्,अयाचिषुः,अयाचीः,अयाचिष्टम्,अयाचिष्ट,अयाचिषम्,अयाचिष्व,अयाचिष्म
16,याच् (आ),माँगना,भ्वादिगण,आत्मनेपदि,उभयपदी,याचते,याचेते,याचन्ते,याचसे,याचेथे,याचध्वे,याचे,याचावहे,याचामहे,याचताम्,याचेताम्,याचन्ताम्,याचस्व,याचेथाम्,याचध्वम्,याचै,याचावहै,याचामहै,अयाचत,अयाचेताम्,अयाचन्त,अयाचथाः,अयाचेथाम्,अयाचध्वम्,अयाचे,अयाचावहि,अयाचामहि,याचेत,याचेयाताम्,याचेरन्,याचेथाः,याचेयाथाम्,याचेध्वम्,याचेय,याचेवहि,याचेमहि,याचिता,याचितारौ,याचितारः,याचितासे,याचितासाथे,याचिताध्वे,याचिताहे,याचितास्वहे,याचितास्महे,याचिष्यते,याचिष्येते,याचिष्यन्ते,याचिष्यसे,याचिष्येथे,याचिष्यध्वे,याचिष्ये,याचिष्यावहे,याचिष्यामहे,अयाचिष्यत,अयाचिष्येताम्,अयाचिष्यन्त,अयाचिष्यथाः,अयाचिष्येथाम्,अयाचिष्यध्वम्,अयाचिष्ये,अयाचिष्यावहि,अयाचिष्यामहि,याचिषीष्ट,याचिषीयास्ताम्,याचिषीरन्,याचिषीष्ठाः,याचिषीयास्थाम्,याचिषीध्वम्,याचिषीय,याचिषीवहि,याचिषीमहि,ययाचे,ययाचाते,ययाचिरे,ययाचिषे,ययाचाथे,ययाचिध्वे,ययाचे,ययाचिवहे,ययाचिमहे,अयाचिष्ट,अयाचिषाताम्,अयाचिषत,अयाचिष्ठाः,अयाचिषाथाम्,अयाचिध्वम्,अयाचिषि,अयाचिष्वहि,अयाचिष्महि
17,वह् (पर),ढोना,भ्वादिगण,परस्मैपदी,उभयपदी,वहति,वहतः,वहन्ति,वहसि,वहथः,वहथ,वहामि,वहावः,वहामः,वहतु,वहताम्,वहन्तु,वह,वहतम्,वहत,वहानि,वहाव,वहाम,अवहत्,अवहताम्,अवहन्,अवहः,अवहतम्,अवहत,अवहम्,अवहाव,अवहाम,वहेत्,वहेताम्,वहेयुः,वहेः,वहेतम्,वहेत,वहेयम्,वहेव,वहेम,वोढा,वोढारौ,वोढारः,वोढासि,वोढास्थः,वोढास्थ,वोढास्मि,वोढास्वः,वोढास्मः,वक्ष्यति,वक्ष्यतः,वक्ष्यन्ति,वक्ष्यसि,वक्ष्यथः,वक्ष्यथ,वक्ष्यामि,वक्ष्यावः,वक्ष्यामः,अवक्ष्यत्,अवक्ष्यताम्,अवक्ष्यन्,अवक्ष्यः,अवक्ष्यतम्,अवक्ष्यत,अवक्ष्यम्,अवक्ष्याव,अवक्ष्याम,उह्यात्,उह्यास्ताम्,उह्यासुः,उह्याः,उह्यास्तम्,उह्यास्त,उह्यासम्,उह्यास्व,उह्यास्म,उवाह,ऊहतुः,ऊहुः,उवहिथ/उवोढ,ऊहथुः,ऊह,उवाह/उवह,ऊहिव,ऊहिम,अवाक्षीत्,अवोढाम्,अवाक्षुः,अवाक्षीः,अवोढम्,अवोढ,अवाक्षम्,अवाक्ष्व,अवाक्ष्म
17,वह् (आ),ढोना,भ्वादिगण,आत्मनेपदि,उभयपदी,वहते,वहेते,वहन्ते,वहसे,वहेथे,वहध्वे,वहे,वहावहे,वहामहे,वहताम्,वहेताम्,वहन्ताम्,वहस्व,वहेथाम्,वहध्वम्,वहै,वहावहै,वहामहै,अवहत,अवहेताम्,अवहन्त,अवहथाः,अवहेथाम्,अवहध्वम्,अवहे,अवहावहि,अवहामहि,वहेत,वहेयाताम्,वहेरन्,वहेथाः,वहेयाथाम्,वहेध्वम्,वहेय,वहेवहि,वहेमहि,वोढा,वोढारौ,वोढारः,वोढासे,वोढासाथे,वोढाध्वे,वोढाहे,वोढास्वहे,वोढास्महे,वक्ष्यते,वक्ष्येते,वक्ष्यन्ते,वक्ष्यसे,वक्ष्येथे,वक्ष्यध्वे,वक्ष्ये,वक्ष्यावहे,वक्ष्यामहे,अवक्ष्यत,अवक्ष्येताम्,अवक्ष्यन्त,अवक्ष्यथाः,अवक्ष्येथाम्,अवक्ष्यध्वम्,अवक्ष्ये,अवक्ष्यावहि,अवक्ष्यामहि,वक्षीष्ट,वक्षीयास्ताम्,वक्षीरन्,वक्षीष्ठाः,वक्षीयास्थाम्,वक्षीध्वम्,वक्षीय,वक्षीवहि,वक्षीमहि,ऊहे,ऊहाते,ऊहिरे,ऊहिषे,ऊहाथे,ऊहिध्वे,ऊहे,ऊहिवहे,ऊहिमहे,अवोढ,अवक्षाताम्,अवक्षत,अवोढाः,अवक्षाथाम्,अवोढ्वम्,अवाक्षि,अवक्ष्वहि,अवक्ष्महि
18,नी (पर),ले जाना,भ्वादिगण,परस्मैपदी,उभयपदी,नयति,नयतः,नयन्ति,नयसि,नयथः,नयथ,नयामि,नयावः,नयामः,नयतु,नयताम्,नयन्तु,नय,नयतम्,नयत,नयानि,नयाव,नयाम,अनयत्,अनयताम्,अनयन्,अनयः,अनयतम्,अनयत,अनयम्,अनयाव,अनयाम,नयेत्,नयेताम्,नयेयुः,नयेः,नयेतम्,नयेत,नयेयम्,नयेव,नयेम,नेता,नेतारौ,नेतारः,नेतासि,नेतास्थः,नेतास्थ,नेतास्मि,नेतास्वः,नेतास्मः,नेष्यति,नेष्यतः,नेष्यन्ति,नेष्यसि,नेष्यथः,नेष्यथ,नेष्यामि,नेष्यावः,नेष्यामः,अनेष्यत्,अनेष्यताम्,अनेष्यन्,अनेष्यः,अनेष्यतम्,अनेष्यत,अनेष्यम्,अनेष्याव,अनेष्याम,नीयात्,नीयास्ताम्,नीयासुः,नीयाः,नीयास्तम्,नीयास्त,नीयासम्,नीयास्व,नीयास्म,निनाय,निन्यतुः,निन्युः,ननयिथ/निनेथ,निन्यथुः,निन्य,निनाय/निनय,निन्यिव,निन्यिम,अनैषीत्,अनैष्टाम्,अनैषुः,अनैषीः,अनैष्टम्,अनैष्ट,अनैषम्,अनैष्व,अनैष्म
18,नी (आ),ले जाना,भ्वादिगण,आत्मनेपदि,उभयपदी,नयते,नयेते,नयन्ते,नयसे,नयेथे,नयध्वे,नये,नयावहे,नयामहे,नयताम्,नयेताम्,नयन्ताम्,नयस्व,नयेथाम्,नयध्वम्,नयै,नयावहै,नयामहै,अनयत,अनयेताम्,अनयन्त,अनयथाः,अनयेथाम्,अनयध्वम्,अनये,अनयावहि,अनयामहि,नयेत,नयेयाताम्,नयेरन्,नयेथाः,नयेयाथाम्,नयेध्वम्,नयेय,नयेवहि,नयेमहि,नेता,नेतारौ,नेतारः,नेतासे,नेतासाथे,नेताध्वे,नेताहे,नेतास्वहे,नेतास्महे,नेष्यते,नेष्येते,नेष्यन्ते,नेष्यसे,नेष्येथे,नेष्यध्वे,नेष्ये,नेष्यावहे,नेष्यामहे,अनेष्यत,अनेष्येताम्,अनेष्यन्त,अनेष्यथाः,अनेष्येथाम्,अनेष्यध्वम्,अनेष्ये,अनेष्यावहि,अनेष्यामहि,नेषीष्ट,नेषीयास्ताम्,नेषीरन्,नेषीष्ठाः,नेषीयास्थाम्,नेषीध्वम्,नेषीय,नेषीवहि,नेषीमहि,निन्ये,निन्याते,निन्यिरे,निन्यिषे,निन्याथे,निन्यिध्वे,निन्ये,निन्यिवहे,निन्यिमहे,अनेष्ट,अनेषाताम्,अनेषत,अनेष्ठाः,अनेषाथाम्,अनेढ्वम्,अनेषि,अनेष्वहि,अनेष्महि
19,हृ (पर),हरना,भ्वादिगण,परस्मैपदी,उभयपदी,हरति,हरतः,हरन्ति,हरसि,हरथः,हरथ,हरामि,हरावः,हरामः,हरतु,हरताम्,हरन्तु,हर,हरतम्,हरत,हराणि,हराव,हराम,अहरत्,अहरताम्,अहरन्,अहरः,अहरतम्,अहरत,अहरम्,अहराव,अहराम,हरेत्,हरेताम्,हरेयुः,हरेः,हरेतम्,हरेत,हरेयम्,हरेव,हरेम,हर्ता,हर्तारौ,हर्तारः,हर्तासि,हर्तास्थः,हर्तास्थ,हर्तास्मि,हर्तास्वः,हर्तास्मः,हरिष्यति,हरिष्यतः,हरिष्यन्ति,हरिष्यसि,हरिष्यथः,हरिष्यथ,हरिष्यामि,हरिष्यावः,हरिष्यामः,अहरिष्यत्,अहरिष्यताम्,अहरिष्यन्,अहरिष्यः,अहरिष्यतम्,अहरिष्यत,अहरिष्यम्,अहरिष्याव,अहरिष्याम,ह्रियात्,ह्रियास्ताम्,ह्रियासुः,ह्रियाः,ह्रियास्तम्,ह्रियास्त,ह्रियासम्,ह्रियास्व,ह्रियास्म,जहार,जह्रतुः,जह्रुः,जहर्थ,जह्रथुः,जह्र,जहार/जहर,जह्रिव,जह्रिम,अहार्षीत्,अहार्ष्टाम्,अहार्षुः,अहार्षीः,अहार्ष्टम्,अहार्ष्ट,अहार्षम्,अहार्ष्व,अहार्ष्म
19,हृ (आ),हरना,भ्वादिगण,आत्मनेपदि,उभयपदी,हरते,हरेते,हरन्ते,हरसे,हरेथे,हरध्वे,हरे,हरावहे,हरामहे,हरताम्,हरेताम्,हरन्ताम्,हरस्व,हरेथाम्,हरध्वम्,हरै,हरावहै,हरामहै,अहरत,अहरेताम्,अहरन्त,अहरथाः,अहरेथाम्,अहरध्वम्,अहरे,अहरावहि,अहरामहि,हरेत,हरेयाताम्,हरेरन्,हरेथाः,हरेयाथाम्,हरेध्वम्,हरेय,हरेवहि,हरेमहि,हर्ता,हर्तारौ,हर्तारः,हर्तासे,हर्तासाथे,हर्ताध्वे,हर्ताहे,हर्तास्वहे,हर्तास्महे,हरिष्यते,हरिष्येते,हरिष्यन्ते,हरिष्यसे,हरिष्येथे,हरिष्यध्वे,हरिष्ये,हरिष्यावहे,हरिष्यामहे,अहरिष्यत,अहरिष्येताम्,अहरिष्यन्त,अहरिष्यथाः,अहरिष्येथाम्,अहरिष्यध्वम्,अहरिष्ये,अहरिष्यावहि,अहरिष्यामहि,हृषीष्ट,हृषीयास्ताम्,हृषीरन्,हृषीष्ठाः,हृषीयास्थाम्,हृषीध्वम्,हृषीय,हृषीवहि,हृषीमहि,जह्रे,जह्राते,जह्रिरे,जह्रिषे,जह्राथे,जह्रिध्वे,जह्रे,जह्रिवहे,जह्रिमहे,अहृत,अहृषाताम्,अहृषत,अहृथाः,अहृषाथाम्,अहृढ्वम्,अहृषि,अहृष्वहि,अहृष्महि
20,श्रु,सुनना,भ्वादिगण,परस्मैपदी,लट् आदि में श्रु को शृ होगा,शृणोति,शृणुतः,शृण्वन्ति,शृणोषि,शृणुथः,शृणुथ,शृणोमि,शृणुवः/शृण्वः,शृणुमः/शृण्मः,शृणोतु,शृणुताम्,शृण्वन्तु,शृणु,शृणुतम्,शृणुत,शृणवानि,शृणवाव,शृणवाम,अशृणोत्,अशृणुताम्,अशृण्वन्,अशृणोः,अशृणुतम्,अशृणुत,अशृणवम्,अशृणुव/अशृण्व,अशृणुम/अशृण्म,शृणुयात्,शृणुयाताम्,शृणुयुः,शृणुयाः,शृणुयातम्,शृणुयात,शृणुयाम्,शृणुयाव,शृणुयाम,श्रोता,श्रोतारौ,श्रोतारः,श्रोतासि,श्रोतास्थः,श्रोतास्थ,श्रोतास्मि,श्रोतास्वः,श्रोतास्मः,श्रोष्यति,श्रोष्यतः,श्रोष्यन्ति,श्रोष्यसि,श्रोष्यथः,श्रोष्यथ,श्रोष्यामि,श्रोष्यावः,श्रोष्यामः,अश्रोष्यत्,अश्रोष्यताम्,अश्रोष्यन्,अश्रोष्यः,अश्रोष्यतम्,अश्रोष्यत,अश्रोष्यम्,अश्रोष्याव,अश्रोष्याम,श्रूयात्,श्रूयास्ताम्,श्रूयासुः,श्रूयाः,श्रूयास्तम्,श्रूयास्त,श्रूयासम्,श्रूयास्व,श्रूयास्म,शुश्राव,शुश्रुवतुः,शुश्रुवुः,शुश्रोथ,शुश्रुवथुः,शुश्रुव,शुश्राव/शुश्रव,शुश्रुव,शुश्रुम,अश्रौषीत्,अश्रौष्टाम्,अश्रौषुः,अश्रौषीः,अश्रौष्टम्,अश्रौष्ट,अश्रौषम्,अश्रौष्व,अश्रौष्म
21,कृ (पर),करना,तनादिगण,परस्मैपदी,उभयपदी,करोति,कुरुतः,कुर्वन्ति,करोषि,कुरुथः,कुरुथ,करोमि,कुर्वः,कुर्मः,करोतु,कुरुताम्,कुर्वन्तु,कुरु,कुरुतम्,कुरुत,करवाणि,करवाव,करवाम,अकरोत्,अकुरुताम्,अकुर्वन्,अकरोः,अकुरुतम्,अकुरुत,अकरवम्,अकुर्व,अकुर्म,कुर्यात्,कुर्याताम्,कुर्युः,कुर्याः,कुर्यातम्,कुर्यात,कुर्याम्,कुर्याव,कुर्याम,कर्ता,कर्तारौ,कर्तारः,कर्तासि,कर्तास्थः,कर्तास्थ,कर्तास्मि,कर्तास्वः,कर्तास्मः,करिष्यति,करिष्यतः,करिष्यन्ति,करिष्यसि,करिष्यथः,करिष्यथ,करिष्यामि,करिष्यावः,करिष्यामः,अकरिष्यत्,अकरिष्यताम्,अकरिष्यन्,अकरिष्यः,अकरिष्यतम्,अकरिष्यत,अकरिष्यम्,अकरिष्याव,अकरिष्याम,क्रियात्,क्रियास्ताम्,क्रियासुः,क्रियाः,क्रियास्तम्,क्रियास्त,क्रियासम्,क्रियास्व,क्रियास्म,चकार,चक्रतुः,चक्रुः,चकर्थ,चक्रथुः,चक्र,चकार/चकर,चकृव,चकृम,अकार्षीत्,अकार्ष्टाम्,अकार्षुः,अकार्षीः,अकार्ष्टम्,अकार्ष्ट,अकार्षम्,अकार्ष्व,अकार्ष्म
22,कृ (आ),करना,तनादिगण,आत्मनेपदि,उभयपदी,कुरुते,कुर्वाते,कुर्वते,कुरुषे,कुर्वाथे,कुरुध्वे,कुर्वे,कुर्वहे,कुर्महे,कुरुताम्,कुर्वाताम्,कुर्वताम्,कुरुप्व,कुर्वाथाम्,कुरुध्वम्,करवै,करवावहै,करवामहै,अकुरुत,अकुर्वाताम्,अकुर्वत,अकुरुथाः,अकुर्वाथाम्,अकुरुध्वम्,अकुर्वि,अकुर्वहि,अकुर्महि,कुर्वीत,कुर्वीयाताम्,कुर्वीरन्,कुर्वीथाः,कुर्वीयाथाम्,कुर्वीध्वम्,कुर्वीय,कुर्वीवहि,कुर्वीमहि,कर्ता,कर्तारौ,कर्तारः,कर्तासे,कर्तासाथे,कर्ताध्वे,कर्ताहे,कर्तास्वहे,कर्तास्महे,करिष्यते,करिष्येते,करिष्यन्ते,करिष्यसे,करिष्येथे,करिष्यध्वे,करिष्ये,करिष्यावहे,करिष्यामहे,अकरिष्यत,अकरिष्येताम्,अकरिष्यन्त,अकरिष्यथाः,अकरिष्येथाम्,अकरिष्यध्वम्,अकरिष्ये,अकरिष्यावहि,अकरिष्यामहि,कृषीष्ट,कृषीयास्ताम्,कृषीरन्,कृषीष्ठाः,कृषीयास्थाम्,कृषीध्वम्,कृषीय,कृषीवहि,कृषीमहि,चक्रे,चक्राते,चक्रिरे,चकृषे,चक्राथे,चकृढ्वे,चक्रे,चकृवहे,चकृमहे,अकृत,अकृषाताम्,अकृषत,अकृथाः,अकृषाथाम्,अकृढ्वम्,अकृषि,अकृष्वहि,अकृष्महि
24,अस्,होना,अदादिगण,परस्मैपदी,"लृट्, लुट्, आशीर्लिंग, लृङ्, लिट् और लुङ् में रूप भू के तुल्य चलेंगे ।",अस्ति,स्तः,सन्ति,असि,स्थः,स्थ,अस्मि,स्वः,स्मः,अस्तु,स्ताम्,सन्तु,एधि,स्तम्,स्त,असानि,असाव,असाम,आसीत्,आस्ताम्,आसन्,आसीः,आस्तम्,आस्त,आसम्,आस्व,आस्म,स्यात्,स्याताम्,स्युः,स्याः,स्यातम्,स्यात,स्याम्,स्याव,स्याम,भविता,भवितारौ,भवितारः,भवितासि,भवितास्थः,भवितास्थ,भवितास्मि,भवितास्वः,भवितास्मः,भविष्यति,भविष्यतः,भविष्यन्ति,भविष्यसि,भविष्यथः,भविष्यथ,भविष्यामि,भविष्यावः,भविष्यामः,अभविष्यत्,अभविष्यताम्,अभविष्यन्,अभविष्यः,अभविष्यतम्,अभविष्यत,अभविष्यम्,अभविष्याव,अभविष्याम,भूयात्,भूयास्ताम्,भूयासुः,भूयाः,भूयास्तम्,भूयास्त,भूयासम्,भूयास्व,भूयास्म,बभूव,बभूवतुः,बभूवुः,बभूविथ,बभूवथुः,बभूव,बभूव,बभूविव,बभूविम,अभूत्,अभूताम्,अभूवन्,अभूः,अभूतम्,अभूत,अभूवम्,अभूव,अभूम
25,ब्रू (पर),कहना,अदादिगण,परस्मैपदी,उभयपदी (लृट् आदि में ब्रू को वच् होगा),ब्रवीति/आह,ब्रूतः/आहतुः,ब्रुवन्ति/आहुः,ब्रवीषि/आत्थ,ब्रूथः/आहथुः,ब्रूथ,ब्रवीमि,ब्रूवः,ब्रूमः,ब्रवीतु,ब्रूताम्,ब्रुवन्तु,ब्रूहि,ब्रूतम्,ब्रूत,ब्रवाणि,ब्रवाव,ब्रवाम,अब्रवीत्,अब्रूताम्,अब्रुवन्,अब्रवीः,अब्रूतम्,अब्रूत,अब्रवम्,अब्रूव,अब्रूम,ब्रूयात्,ब्रूयाताम्,ब्रूयुः,ब्रूयाः,ब्रूयातम्,ब्रूयात,ब्रूयाम्,ब्रूयाव,ब्रूयाम,वक्ता,वक्तारौ,वक्तारः,वक्तासि,वक्तास्थः,वक्तास्थ,वक्तास्मि,वक्तास्वः,वक्तास्मः,वक्ष्यति,वक्ष्यतः,वक्ष्यन्ति,वक्ष्यसि,वक्ष्यथः,वक्ष्यथ,वक्ष्यामि,वक्ष्यावः,वक्ष्यामः,अवक्ष्यत्,अवक्ष्यताम्,अवक्ष्यन्,अवक्ष्यः,अवक्ष्यतम्,अवक्ष्यत,अवक्ष्यम्,अवक्ष्याव,अवक्ष्याम,उच्यात्,उच्यास्ताम्,उच्यासुः,उच्याः,उच्यास्तम्,उच्यास्त,उच्यासम्,उच्यास्व,उच्यास्म,उवाच,ऊचतुः,ऊचुः,ऊवचिथ/उवक्थ,ऊचथुः,ऊच,उवाच/उवच,ऊचिव,ऊचिम,अवोचत्,अवोचताम्,अवोचन्,अवोचः,अवोचतम्,अवोचत,अवोचम्,अवोचाव,अवोचाम
25,ब्रू (आ),कहना,अदादिगण,आत्मनेपदि,उभयपदी (लृट् आदि में ब्रू को वच् होगा),ब्रूते,ब्रुवाते,ब्रुवते,ब्रूषे,ब्रुवाथे,ब्रूध्वे,ब्रुवे,ब्रूवहे,ब्रूमहे,ब्रूताम्,ब्रुवाताम्,ब्रुवताम्,ब्रूध्व,ब्रुवाथाम्,ब्रूध्वम्,ब्रवै,ब्रवावहै,ब्रवामहै,अब्रूत,अब्रुवाताम्,अब्रुवत,अब्रूथाः,अब्रुवाथाम्,अब्रूध्वम्,अब्रुवि,अब्रूवहि,अब्रूमहि,ब्रुवीत,ब्रुवीयाताम्,ब्रुवीरन्,ब्रुवीथाः,ब्रुवीयाथाम्,ब्रुवीध्वम्,ब्रुवीय,ब्रुवीवहि,ब्रुवीमहि,वक्ता,वक्तारौ,वक्तारः,वक्तासे,वक्तासाथे,वक्ताध्वे,वक्ताहे,वक्तास्वहे,वक्तास्महे,वक्ष्यते,वक्ष्येते,वक्ष्यन्ते,वक्ष्यसे,वक्ष्येथे,वक्ष्यध्वे,वक्ष्ये,वक्ष्यावहे,वक्ष्यामहे,अवक्ष्यत,अवक्ष्येताम्,अवक्ष्यन्त,अवक्ष्यथाः,अवक्ष्येथाम्,अवक्ष्यध्वम्,अवक्ष्ये,अवक्ष्यावहि,अवक्ष्यामहि,वक्षीष्ट,वक्षीयास्ताम्,वक्षीरन्,वक्षीष्ठाः,वक्षीयास्थाम्,वक्षीध्वम्,वक्षीय,वक्षीवहि,वक्षीमहि,ऊचे,ऊचाते,ऊचिरे,ऊचिषे,ऊचाथे,ऊचिध्वे,ऊचे,ऊचिवहे,ऊचिमहे,अवोचत,अवोचेताम्,अवोचन्त,अवोचथाः,अवोचेथाम्,अवोचध्वम्,अवोचे,अवोचावहि,अवोचामहि
27,दुह्,दुहना,अदादिगण,परस्मैपदी,,दोग्धि,दुग्धः,दुहन्ति,धोक्षि,दुग्धः,दुग्ध,दोह्मि,दुह्वः,दुह्मः,दोग्धु,दुग्धाम्,दुहन्तु,दुग्धि,दुग्धम्,दुग्ध,दोहानि,दोहाव,दोहाम,अधोक्/अधोग्,अदुग्धाम्,अदुहन्,अधोक्/अधोग्,अदुग्धम्,अदुग्ध,अदोहम्,अदुह्व,अदुह्म,दुह्यात्,दुह्याताम्,दुह्युः,दुह्याः,दुह्यातम्,दुह्यात,दुह्याम्,दुह्याव,दुह्याम,दोग्धा,दोग्धारौ,दोग्धारः,दोग्धासि,दोग्धास्थः,दोग्धास्थ,दोग्धास्मि,दोग्धास्वः,दोग्धास्मः,धोक्ष्यति,धोक्ष्यतः,धोक्ष्यन्ति,धोक्ष्यसि,धोक्ष्यथः,धोक्ष्यथ,धोक्ष्यामि,धोक्ष्यावः,धोक्ष्यामः,अधोक्ष्यत्,अधोक्ष्यताम्,अधोक्ष्यन्,अधोक्ष्यः,अधोक्ष्यतम्,अधोक्ष्यत,अधोक्ष्यम्,अधोक्ष्याव,अधोक्ष्याम,दुह्यात्,दुह्यास्ताम्,दुह्यासुः,दुह्याः,दुह्यास्तम्,दुह्यास्त,दुह्यासम्,दुह्यास्व,दुह्यास्म,दुदोह,दुदुहतुः,दुदुहुः,दुदोहिथ,दुदुहथुः,दुदुह,दुदोह,दुदुहिव,दुदुहिम,अधुक्षत्,अधुक्षताम्,अधुक्षन्,अधुक्षः,अधुक्षतम्,अधुक्षत,अधुक्षम्,अधुक्षाव,अधुक्षाम
27,लिह्,चाटना,अदादिगण,परस्मैपदी,,लेढि,लीढः,लिहन्ति,लेक्षि,लीढः,लीढ,लेह्मि,लिह्वः,लिह्मः,लेढु,लीढाम्,लिहन्तु,लीढि,लीढम्,लीढ,लेहानि,लेहाव,लेहाम,अलेट्/अलेड्,अलीढाम्,अलिहन्,अलेट्/अलेड्,अलीढम्,अलीढ,अलेहम्,अलिह्व,अलिह्म,लिह्यात्,लिह्याताम्,लिह्युः,लिह्याः,लिह्यातम्,लिह्यात,लिह्याम्,लिह्याव,लिह्याम,लोढा,लोढारौ,लोढारः,लोढासि,लोढास्थः,लोढास्थ,लोढास्मि,लोढास्वः,लोढास्मः,लेक्ष्यति,लेक्ष्यतः,लेक्ष्यन्ति,लेक्ष्यसि,लेक्ष्यथः,लेक्ष्यथ,लेक्ष्यामि,लेक्ष्यावः,लेक्ष्यामः,अलेक्ष्यत्,अलेक्ष्यताम्,अलेक्ष्यन्,अलेक्ष्यः,अलेक्ष्यतम्,अलेक्ष्यत,अलेक्ष्यम्,अलेक्ष्याव,अलेक्ष्याम,लिह्यात्,लिह्यास्ताम्,लिह्यासुः,लिह्याः,लिह्यास्तम्,लिह्यास्त,लिह्यासम्,लिह्यास्व,लिह्यास्म,लिलेह,लिलिहतुः,लिलिहुः,लिलेहिथ,लिलिहथुः,लिलिह,लिलेह,लिलिहिव,लिलिहिम,अलिक्षत्,अलिक्षताम्,अलिक्षन्,अलिक्षः,अलिक्षतम्,अलिक्षत,अलिक्षम्,अलिक्षाव,अलिक्षाम
29,हन्,मारना,अदादिगण,परस्मैपदी,लुङ् में हन् को वध होगा ।,हन्ति,हतः,घ्नन्ति,हन्सि,हथः,हथ,हन्मि,हन्वः,हन्मः,हन्तु,हताम्,घ्नन्तु,जहि,हतम्,हत,हनानि,हनाव,हनाम,अहन्,अहताम्,अघ्नन्,अहन्,अहतम्,अहत,अहनम्,अहन्व,अहन्म,हन्यात्,हन्याताम्,हन्युः,हन्याः,हन्यातम्,हन्यात,हन्याम्,हन्याव,हन्याम,हन्ता,हन्तारौ,हन्तारः,हन्तासि,हन्तास्थः,हन्तास्थ,हन्तास्मि,हन्तास्वः,हन्तास्मः,हनिष्यति,हनिष्यतः,हनिष्यन्ति,हनिष्यसि,हनिष्यथः,हनिष्यथ,हनिष्यामि,हनिष्यावः,हनिष्यामः,अहनिष्यत्,अहनिष्यताम्,अहनिष्यन्,अहनिष्यः,अहनिष्यतम्,अहनिष्यत,अहनिष्यम्,अहनिष्याव,अहनिष्याम,वध्यात्,वध्यास्ताम्,वध्यासुः,वध्याः,वध्यास्तम्,वध्यास्त,वध्यासम्,वध्यास्व,वध्यास्म,जघान,जघ्नतुः,जघ्नुः,जघ्निथ/जघन्थ,जघ्नथुः,जघ्न,जघान/जघन,जघ्निव,जघ्निम,अवधीत्,अवधिष्टाम्,अवधिषुः,अवधीः,अवधिष्टम्,अवधिष्ट,अवधिषम्,अवधिष्व,अवधिष्म
28,स्वप्,सोना,अदादिगण,परस्मैपदी,,स्वपिति,स्वपितः,स्वपन्ति,स्वपिषि,स्वपिथः,स्वपिथ,स्वपिामि,स्वपिवः,स्वपिमः,स्वपितु,स्वपिताम्,स्वपन्तु,स्वपिहि,स्वपितम्,स्वपित,स्वपानि,स्वपाव,स्वपाम,अस्वपीत्/अस्वपत्,अस्वपिताम्,अस्वपन्,अस्वपीः/अस्वपः,अस्वपितम्,अस्वपित,अस्वपम्,अस्वपिव,अस्वपिम,स्वप्यात्,स्वप्याताम्,स्वप्युः,स्वप्याः,स्वप्यातम्,स्वप्यात,स्वप्याम्,स्वप्याव,स्वप्याम,स्वप्ता,स्वप्तारौ,स्वप्तारः,स्वप्तासि,स्वप्तास्थः,स्वप्तास्थ,स्वप्तास्मि,स्वप्तास्वः,स्वप्तास्मः,स्वप्स्यति,स्वप्स्यतः,स्वप्स्यन्ति,स्वप्स्यसि,स्वप्स्यथः,स्वप्स्यथ,स्वप्स्यामि,स्वप्स्यावः,स्वप्स्यामः,अस्वप्स्यत्,अस्वप्स्यताम्,अस्वप्स्यन्,अस्वप्स्यः,अस्वप्स्यतम्,अस्वप्स्यत,अस्वप्स्यम्,अस्वप्स्याव,अस्वप्स्याम,सुप्यात्,सुप्यास्ताम्,सुप्यासुः,सुप्याः,सुप्यास्तम्,सुप्यास्त,सुप्यासम्,सुप्यास्व,सुप्यास्म,सुष्वाप,सुषुपतुः,सुषुपुः,सुष्वपिथ/सुष्वप्थ,सुषुपथुः,सुषुप,सुष्वाप/सुष्वप,सुषुपिव,सुषुपिम,अस्वाप्सीत्,अस्वाप्ताम्,अस्वाप्सुः,अस्वाप्सीः,अस्वाप्तम्,अस्वाप्त,अस्वाप्सम्,अस्वाप्स्व,अस्वाप्स्म
29,स्तु,स्तुति करना,अदादिगण,परस्मैपदी,,स्तौति/स्तवीति,स्तुतः,स्तुवन्ति,स्तौषि/स्तवीषि,स्तुथः,स्तुथ,स्तौमि/स्तवीमि,स्तुवः,स्तुमः,स्तौतु/स्तवीतु,स्तुताम्,स्तुवन्तु,स्तुहि,स्तुतम्,स्तुत,स्तवानि,स्तवाव,स्तवाम,अस्तौत्/अस्तवीत्,अस्तुताम्,अस्तुवन्,अस्तौः/अस्तवीः,अस्तुतम्,अस्तुत,अस्तवम्,अस्तुव,अस्तुम,स्तुयात्,स्तुयाताम्,स्तुयुः,स्तुयाः,स्तुयातम्,स्तुयात,स्तुयाम्,स्तुयाव,स्तुयाम,स्तोता,स्तोतारौ,स्तोतारः,स्तोतासि,स्तोतास्थः,स्तोतास्थ,स्तोतास्मि,स्तोतास्वः,स्तोतास्मः,स्तोष्यति,स्तोष्यतः,स्तोष्यन्ति,स्तोष्यसि,स्तोष्यथः,स्तोष्यथ,स्तोष्यामि,स्तोष्यावः,स्तोष्यामः,अस्तोष्यत्,अस्तोष्यताम्,अस्तोष्यन्,अस्तोष्यः,अस्तोष्यतम्,अस्तोष्यत,अस्तोष्यम्,अस्तोष्याव,अस्तोष्याम,स्तूयात्,स्तूयास्ताम्,स्तूयासुः,स्तूयाः,स्तूयास्तम्,स्तूयास्त,स्तूयासम्,स्तूयास्व,स्तूयास्म,तुष्टाव,तुष्टुवतुः,तुष्टुवुः,तुष्टोथ,तुष्टुवथुः,तुष्टुव,तुष्टाव/तुष्टव,तुष्टुव,तुष्टुम,अस्तावीत्,अस्ताविष्टाम्,अस्ताविषुः,अस्तावीः,अस्ताविष्टम्,अस्ताविष्ट,अस्ताविषम्,अस्ताविष्व,अस्ताविष्म
30,इ,जाना,अदादिगण,परस्मैपदी,इ को लुङ् में गा होगा ।,एति,इतः,यन्ति,एषि,इथः,इथ,एमि,इवः,इमः,एतु,इताम्,यन्तु,इहि,इतम्,इत,अयानि,अयाव,अयाम,ऐत्,ऐताम्,आयन्,ऐः,ऐतम्,ऐत,आयम्,ऐव,ऐम,इयात्,इयाताम्,इयुः,इयाः,इयातम्,इयात,इयाम्,इयाव,इयाम,एता,एतारौ,एतारः,एतासि,एतास्थः,एतास्थ,एतास्मि,एतास्वः,एतास्मः,एष्यति,एष्यतः,एष्यन्ति,एष्यसि,एष्यथः,एष्यथ,एष्यामि,एष्यावः,एष्यामः,ऐष्यत्,ऐष्यताम्,ऐष्यन्,ऐष्यः,ऐष्यतम्,ऐष्यत,ऐष्यम्,ऐष्याव,ऐष्याम,ईयात्,ईयास्ताम्,ईयासुः,ईयाः,ईयास्तम्,ईयास्त,ईयासम्,ईयास्व,ईयास्म,इयाय,ईयतुः,ईयुः,इययिथ/इयेथ,ईयथुः,ईय,इयाय/इयय,ईयिव,ईयिम,अगात्,अगाताम्,अगुः,अगाः,अगातम्,अगात,अगाम्,अगाव,अगाम
30,विद्,जानना,अदादिगण,परस्मैपदी,लिट् और लोट् में विदां +कृ वाले अर्थात् विदांचकार और विदांकरोतु आदि भी रूप होते है ।,वेत्ति/वेद,वित्तः/विदतुः,विदन्ति/विदुः,वेत्सि/वेत्थ,वित्थः/विदथुः,वित्थ/विद,वेद्मि/वेद,विद्वः/विद्व,विद्मः/विद्म,वेत्तु,वित्ताम्,विदन्तु,विद्धि,वित्तम्,वित्त,वेदानि,वेदाव,वेदाम,अवेत्,अवित्ताम्,अविदुः,अवेः/अवेत्,अवित्तम्,अवित्त,अवेदम्,अविद्व,अविद्म,विद्यात्,विद्याताम्,विद्युः,विद्याः,विद्यातम्,विद्यात,विद्याम्,विद्याव,विद्याम,वेदिता,वेदितारौ,वेदितारः,वेदितासि,वेदितास्थः,वेदितास्थ,वेदितास्मि,वेदितास्वः,वेदितास्मः,वेदिष्यति,वेदिष्यतः,वेदिष्यन्ति,वेदिष्यसि,वेदिष्यथः,वेदिष्यथ,वेदिष्यामि,वेदिष्यावः,वेदिष्यामः,अवेदिष्यत्,अवेदिष्यताम्,अवेदिष्यन्,अवेदिष्यः,अवेदिष्यतम्,अवेदिष्यत,अवेदिष्यम्,अवेदिष्याव,अवेदिष्याम,विद्यात्,विद्यास्ताम्,विद्यासुः,विद्याः,विद्यास्तम्,विद्यास्त,विद्यासम्,विद्यास्व,विद्यास्म,विवेद,विविदतुः,विविदुः,विवेदिथ,विविदथुः,विविद,विवेद,विविदिव,विविदिम,अवेदीत्,अवेदिष्टाम्,अवेदिषुः,अवेदीः,अवेदिष्टम्,अवेदिष्ट,अवेदिषम्,अवेदिष्व,अवेदिष्म
31,आस्,बैठना,अदादिगण,आत्मनेपदि,लिट् में आसां + कृ ।,आस्ते,आसाते,आसते,आस्से,आसाथे,आध्वे,आसे,आस्वहे,आस्महे,आस्ताम्,आसाताम्,आसताम्,आस्स्व,आसाथाम्,आध्वम्,आसै,आसावहै,आसामहै,आस्त,आसाताम्,आसत,आस्थाः,आसाथाम्,आध्वम्,आसि,आस्वहि,आस्महि,आसीत,आसीयाताम्,आसीरन्,आसीथाः,आसीयाथाम्,आसीध्वम्,आसीय,आसीवहि,आसीमहि,आसिता,आसितारौ,आसितारः,आसितासे,आसितासाथे,आसिताध्वे,आसिताहे,आसितास्वहे,आसितास्महे,आसिष्यते,आसिष्येते,आसिष्यन्ते,आसिष्यसे,आसिष्येथे,आसिष्यध्वे,आसिष्ये,आसिष्यावहे,आसिष्यामहे,आसिष्यत,आसिष्येताम्,आसिष्यन्त,आसिष्यथाः,आसिष्येथाम्,आसिष्यध्वम्,आसिष्ये,आसिष्यावहि,आसिष्यामहि,आसिषीष्ट,आसिषीयास्ताम्,आसिषीरन्,आसिषीष्ठाः,आसिषीयास्थाम्,आसिषीध्वम्,आसिषीय,आसिषीवहि,आसिषीमहि,आसांचक्रे,आसांचक्राते,आसांचक्रिरे,आसांचकृषे,आसांचक्राथे,आसांचकृढ्वे,आसांचक्रे,आसांचकृवहे,आसांचकृमहे,आसिष्ट,आसिषाताम्,आसिषत,आसिष्ठाः,आसिषाथाम्,आसिध्वम्,आसिषि,आसिष्वहि,आसिष्महि
32,अधि + इ,पढ़ना,अदादिगण,आत्मनेपदि,लुङ् में इ को गा,अघीते,अघीयाते,अघीयते,अघीषे,अघीयाथे,अघीध्वे,अघीये,अघीवहे,अघीमहे,अघीताम्,अघीयाताम्,अघीयताम्,अघीष्व,अघीयाथाम्,अघीध्वम्,अध्ययै,अध्ययावहै,अध्ययामहै,अध्यैत,अध्यैयाताम्,अध्यैयत,अध्यैथाः,अध्यैयाथाम्,अध्यैध्वम्,अध्यैयि,अध्यैवहि,अध्यैमहि,अधीयीत,अधीयीयाताम्,अधीयीरन्,अधीयीथाः,अधीयीयाथाम्,अधीयीध्वम्,अधीयीय,अधीयीवहि,अधीयीमहि,अध्येता,अध्येतारौ,अध्येतारः,अध्येतासे,अध्येतासाथे,अध्येताध्वे,अध्येताहे,अध्येतास्वहे,अध्येतास्महे,अध्येष्यते,अध्येष्येते,अध्येष्यन्ते,अध्येष्यसे,अध्येष्येथे,अध्येष्यध्वे,अध्येष्ये,अध्येष्यावहे,अध्येष्यामहे,अध्यैष्यत/अध्यगीष्यत,अध्यैष्येताम्/अध्यगीष्येताम्,अध्यैष्यन्त/अध्यगीष्यन्त,अध्यैष्यथाः/अध्यगीष्यथाः,अध्यैष्येथाम्/अध्यगीष्येथाम्,अध्यैष्यध्वम्/अध्यगीष्यध्वम्,अध्यैष्ये/अध्यगीष्ये,अध्यैष्यावहि/अध्यगीष्यावहि,अध्यैष्यामहि/अध्यगीष्यामहि,अध्येषीष्ट,अध्येषीयास्ताम्,अध्येषीरन्,अध्येषीष्ठाः,अध्येषीयास्थाम्,अध्येषीध्वम्,अध्येषीय,अध्येषीवहि,अध्येषीमहि,अधिजगे,अधिजगाते,अधिजगिरे,अधिजगिषे,अधिजगाथे,अधिजगिध्वे,अधिजगे,अधिजगिवहे,अधिजगिमहे,अध्यैष्ट/अध्यगीष्ट,अध्यैषाताम्/अध्यगीषाताम्,अध्यैषत/अध्यगीषत,अध्यैष्ठाः/अध्यगीष्ठाः,अध्यैषाथाम्/अध्यगीषाथाम्,अध्यैढ्वम्/अध्यगीढ्वम्,अध्यैषि/अध्यगीषि,अध्यैष्वहि/अध्यगीष्वहि,अध्यैष्महि/अध्यगीष्महि
1,हस्,हँसना,भ्वादिगण,परस्मैपदी,,हसति,हसतः,हसन्ति,हससि,हसथः,हसथ,हसामि,हसावः,हसामः,हसतु,हसताम्,हसन्तु,हस,हसतम्,हसत,हसानि,हसाव,हसाम,अहसत्,अहसताम्,अहसन्,अहसः,अहसतम्,अहसत,अहसम्,अहसाव,अहसाम,हसेत्,हसेताम्,हसेयुः,हसेः,हसेतम्,हसेत,हसेयम्,हसेव,हसेम,हसिता,हसितारौ,हसितारः,हसितासि,हसितास्थः,हसितास्थ,हसितास्मि,हसितास्वः,हसितास्मः,हसिष्यति,हसिष्यतः,हसिष्यन्ति,हसिष्यसि,हसिष्यथः,हसिष्यथ,हसिष्यामि,हसिष्यावः,हसिष्यामः,अहसिष्यत्,अहसिष्यताम्,अहसिष्यन्,अहसिष्यः,अहसिष्यतम्,अहसिष्यत,अहसिष्यम्,अहसिष्याव,अहसिष्याम,हस्यात्,हस्यास्ताम्,हस्यासुः,हस्याः,हस्यास्तम्,हस्यास्त,हस्यासम्,हस्यास्व,हस्यास्म,जहास,जहसतुः,जहसुः,जहसिथ,जहसथुः,जहस,जहास जहस,जहसिव,जहसिम,अहसीत्,अहसिष्टाम्,अहसिषुः,अहसीः,अहसिष्टम्,अहसिष्ट,अहसिषम्,अहसिष्व,अहसिष्म
23,अद्,खाना,अदादिगण,परस्मैपदी,,अत्ति,अत्तः,अदन्ति,अत्सि,अत्थः,अत्थ,अद्मि,अद्वः,अद्मः,अत्तु,अत्ताम्,अदन्तु,अद्धि,अत्तम्,अत्त,अदानि,अदाव,अदाम,आदत्,आत्ताम्,आदन्,आदः,आत्तम्,आत्त,आदम्,आद्व,आद्म,अद्यात्,अद्याताम्,अद्युः,अद्याः,अद्यातम्,अद्यात,अद्याम्,अद्याव,अद्याम,अत्ता,अत्तारौ,अत्तारः,अत्तासि,अत्तास्थः,अत्तास्थ,अत्तास्मि,अत्तास्वः,अत्तास्मः,अत्स्यति,अत्स्यतः,अत्स्यन्ति,अत्स्यसि,अत्स्यथः,अत्स्यथ,अत्स्यामि,अत्स्यावः,अत्स्यामः,आत्स्यत्,आत्स्यताम्,आत्स्यन्,आत्स्यः,आत्स्यतम्,आत्स्यत,आत्स्यम्,आत्स्याव,आत्स्याम,अद्यात्,अद्यास्ताम्,अद्यासुः,अद्याः,अद्यास्तम्,अद्यास्त,अद्यासम्,अद्यास्व,अद्यास्म,आद/जघास,आदतुः/जक्षतुः,आदुः/जक्षुः,आदिथ/जघसिथ,आदथुः/जक्षथुः,आद/जक्ष,आद/जघास/जघस,आदिव/जक्षिव,आदिम/जक्षिम,अघसत्,अघसताम्,अघसन्,अघसः,अघसतम्,अघसत,अघसम्,अघसाव,अघसाम
1,भू,होना,भ्वादिगण,परस्मैपदी,,भवति,भवतः,भवन्ति,भवसि,भवथः,भवथ,भवामि,भवावः,भवामः,भवतु,भवताम्,भवन्तु,भव,भवतम्,भवत,भवानि,भवाव,भवाम,अभवत्,अभवताम्,अभवन्,अभवः,अभवतम्,अभवत,अभवम्,अभवाव,अभवाम,भवेत्,भवेताम्,भवेयुः,भवेः,भवेतम्,भवेत,भवेयम्,भवेव,भवेम,भविता,भवितारौ,भवितारः,भवितासि,भवितास्थः,भवितास्थ,भवितास्मि,भवितास्वः,भवितास्मः,भविष्यति,भविष्यतः,भविष्यन्ति,भविष्यसि,भविष्यथः,भविष्यथ,भविष्यामि,भविष्यावः,भविष्यामः,अभविष्यत्,अभविष्यताम्,अभविष्यन्,अभविष्यः,अभविष्यतम्,अभविष्यत,अभविष्यम्,अभविष्याव,अभविष्याम,भूयात्,भूयास्ताम्,भूयासुः,भूयाः,भूयास्तम्,भूयास्त,भूयासम्,भूयास्व,भूयास्म,बभूव,बभूवतुः,बभूवुः,बभूविथ,बभूवथुः,बभूव,बभूव,बभूविव,बभूविम,अभूत्,अभूताम्,अभूवन्,अभूः,अभूतम्,अभूत,अभूवम्,अभूव,अभूम
3,वद्,बोलना,भ्वादिगण,परस्मैपदी,,वदति,वदतः,वदन्ति,वदसि,वदथः,वदथ,वदामि,वदावः,वदामः,वदतु,वदताम्,वदन्तु,वद,वदतम्,वदत,वदानि,वदाव,वदाम,अवदत्,अवदताम्,अवदन्,अवदः,अवदतम्,अवदत,अवदम्,अवदाव,अवदाम,वदेत्,वदेताम्,वदेयुः,वदेः,वदेतम्,वदेत,वदेयम्,वदेव,वदेम,वदिता,वदितारौ,वदितारः,वदितासि,वदितास्थः,वदितास्थ,वदितास्मि,वदितास्वः,वदितास्मः,वदिष्यति,वदिष्यतः,वदिष्यन्ति,वदिष्यसि,वदिष्यथः,वदिष्यथ,वदिष्यामि,वदिष्यावः,वदिष्यामः,अवदिष्यत्,अवदिष्यताम्,अवदिष्यन्,अवदिष्यः,अवदिष्यतम्,अवदिष्यत,अवदिष्यम्,अवदिष्याव,अवदिष्याम,उद्यात्,उद्यास्ताम्,उद्यासुः,उद्याः,उद्यास्तम्,उद्यास्त,उद्यासम्,उद्यास्व,उद्यास्म,उवाद,ऊदतुः,ऊदुः,उवदिथ,ऊदथुः,ऊद,उवाद/उवद,ऊदिव,ऊदिम,अवादीत्,अवादिष्टाम्,अवादिषुः,अवादीः,अवादिष्टम्,अवादिष्ट,अवादिषम्,अवादिष्व,अवादिष्म
6,वृत्,होना,भ्वादिगण,आत्मनेपदि,,वर्तते,वर्तेते,वर्तन्ते,वर्तसे,वर्तेथे,वर्तध्वे,वर्ते,वर्तावहे,वर्तामहे,वर्तताम्,वर्तेताम्,वर्तन्ताम्,वर्तस्व,वर्तेथाम्,वर्तध्वम्,वर्तै,वर्तावहै,वर्तामहै,अवर्तत,अवर्तेताम्,अवर्तन्त,अवर्तथाः,अवर्तेथाम्,अवर्तध्वम्,अवर्ते,अवर्तावहि,अवर्तामहि,वर्तेत,वर्तेयाताम्,वर्तेरन्,वर्तेथाः,वर्तेयाथाम्,वर्तेध्वम्,वर्तेय,वर्तेवहि,वर्तेमहि,वर्तिता,वर्तितारौ,वर्तितारः,वर्तितासे,वर्तितासाथे,वर्तिताध्वे,वर्तिताहे,वर्तितास्वहे,वर्तितास्महे,वर्तिष्यते/वर्त्स्यति,वर्तिष्येते/वर्त्स्यतः,वर्तिष्यन्ते/वर्त्स्यन्ति,वर्तिष्यसे/वर्त्स्यसि,वर्तिष्येथे/वर्त्स्यथः,वर्तिष्यध्वे/वर्त्स्यथ,वर्तिष्ये/वर्त्स्यामि,वर्तिष्यावहे/वर्त्स्यावः,वर्तिष्यामहे/वर्त्स्यामः,अवर्तिष्यत/अवर्त्स्यत्,अवर्तिष्येताम्/अवर्त्स्येताम्,अवर्तिष्यन्त/अवर्त्स्यन्त,अवर्तिष्यथाः/अवर्त्स्यष्यथाः,अवर्तिष्येथाम्/अवर्त्स्यथाम्,अवर्तिष्यध्वम्/अवर्त्स्यध्वम्,अवर्तिष्ये/अवर्त्स्ये,अवर्तिष्यावहि/अवर्त्स्यावहि,अवर्तिष्यामहि/अवर्त्स्यामहि,वर्तिषीष्ट,वर्तिषीयास्ताम्,वर्तिषीरन्,वर्तिषीष्ठाः,वर्तिषीयास्थाम्,वर्तिषीध्वम्,वर्तिषीय,वर्तिषीवहि,वर्तिषीमहि,ववृते,ववृताते,ववृतिरे,ववृतिषे,ववृताथे,ववृतिध्वे,ववृते,ववृतिवहे,ववृतिमहे,अवर्तिष्ट/अवृतत्,अवर्तिषाताम्/अवृतताम्,अवर्तिषत/अवृतन्,अवर्तिष्ठाः/अवृतः,अवर्तिषाथाम्/अवृततम्,अवर्तिध्वम्/अवृतत,अवर्तिषि/अवृतम्,अवर्तिष्वहि/अवृताव,अवर्तिष्महि/अवृताम
9,लभ्,पाना,भ्वादिगण,आत्मनेपदि,,लभते,लभेते,लभन्ते,लभसे,लभेते,लभध्वे,लभे,लभावहे,लभामहे,लभताम्,लभेताम्,लभन्ताम्,लभस्व,लभेथाम्,लभध्वम्,लभै,लभावहै,लभामहै,अलभत,अलभेताम्,अलभन्त,अलभथाः,अलभेथाम्,अलभध्वम्,अलभे,अलभावहि,अलभामहि,लभेत,लभेयाताम्,लभेरन्,लभेथाः,लभेयाथाम्,लभेध्वम्,लभेय,लभेवहि,लभेमहि,लब्धा,लब्धारौ,लब्धारः,लब्धासे,लब्धासाथे,लब्धाध्वे,लब्धाहे,लब्धास्वहे,लब्धास्महे,लप्स्यते,लप्स्येते,लप्स्यन्ते,लप्स्यसे,लप्स्येथे,लप्स्यध्वे,लप्स्ये,लप्स्यावहे,लप्स्यामहे,अलप्स्यत,अलप्स्येताम्,अलप्स्यन्त,अलप्स्यथाः,अलप्स्येथाम्,अलप्स्यध्वम्,अलप्स्ये,अलप्स्यावहि,अलप्स्यामहि,लप्सीष्ट,लप्सीयास्ताम्,लप्सीरन्,लप्सीष्ठाः,लप्सीयास्थाम्,लप्सीध्वम्,लप्सीय,लप्सीवहि,लप्सीमहि,लेभे,लेभाते,लेभिरे,लेभिषे,लेभाथे,लेभिध्वे,लेभे,लेभिवहे,लेभिमहे,अलब्ध,अलप्साताम्,अलप्सत,अलब्धाः,अलप्साथाम्,अलब्ध्वम्,अलप्सि,अलप्स्वहि,अलप्स्महि
10,मुद्,प्रसन्न होना,भ्वादिगण,आत्मनेपदि,,मोदते,मोदेते,मोदन्ते,मोदसे,मोदेथे,मोदध्वे,मोदे,मोदावहे,मोदामहे,मोदताम्,मोदेताम्,मोदन्ताम्,मोदस्व,मोदेथाम्,मोदध्वम्,मोदै,मोदावहै,मोदामहै,अमोदत,अमोदेताम्,अमोदन्त,अमोदथाः,अमोदेथाम्,अमोदध्वम्,अमोदे,अमोदावहि,अमोदामहि,मोदेत,मोदेयाताम्,मोदेरन्,मोदेथाः,मोदेयाथाम्,मोदेध्वम्,मोदेय,मोदेवहि,मोदेमहि,मोदिता,मोदितारौ,मोदितारः,मोदितासे,मोदितासाथे,मोदिताध्वे,मोदिताहे,मोदितास्वहे,मोदितास्महे,मोदिष्यते,मोदिष्येते,मोदिष्यन्ते,मोदिष्यसे,मोदिष्येथे,मोदिष्यध्वे,मोदिष्ये,मोदिष्यावहे,मोदिष्यामहे,अमोदिष्यत,अमोदिष्येताम्,अमोदिष्यन्त,अमोदिष्यथाः,अमोदिष्येथाम्,अमोदिष्यध्वम्,अमोदिष्ये,अमोदिष्यावहि,अमोदिष्यामहि,मोदिषीष्ट,मोदिषीयास्ताम्,मोदिषीरन्,मोदिषीष्ठाः,मोदिषीयास्थाम्,मोदिषीध्वम्,मोदिषीय,मोदिषीवहि,मोदिषीमहि,मुमुदे,मुमुदाते,मुमुदिरे,मुमुदिषे,मुमुदाथे,मुमुदिध्वे,मुमुदे,मुमुदिवहे,मुमुदिमहे,अमोदिष्ट,अमोदिषाताम्,अमोदिषत,अमोदिष्ठाः,अमोदिषाथाम्,अमोदिध्वम्,अमोदिषि,अमोदिष्वहि,अमोदिष्महि
10,सह्,सहना,भ्वादिगण,आत्मनेपदि,,सहते,सहेते,सहन्ते,सहसे,सहेथे,सहध्वे,सहे,सहावहे,सहामहे,सहताम्,सहेताम्,सहन्ताम्,सहस्व,सहेथाम्,सहध्वम्,सहै,सहावहै,सहामहै,असहत,असहेताम्,असहन्त,असहथाः,असहेथाम्,असहध्वम्,असहे,असहावहि,असहामहि,सहेत,सहेयाताम्,सहेरन्,सहेथाः,सहेयाथाम्,सहेध्वम्,सहेय,सहेवहि,सहेमहि,सहिता/सोढा,सहितारौ/सोढारौ,सहितारः/सोढारः,सहितासे/सोढासे,सहितासाथे/सोढासाथे,सहिताध्वे/सोढाध्वे,सहिताहे/सोढाहे,सहितास्वहे/सोढास्वहे,सहितास्महे/सोढास्महे,सहिष्यते,सहिष्येते,सहिष्यन्ते,सहिष्यसे,सहिष्येथे,सहिष्यध्वे,सहिष्ये,सहिष्यावहे,सहिष्यामहे,असहिष्यत,असहिष्येताम्,असहिष्यन्त,असहिष्यथाः,असहिष्येथाम्,असहिष्यध्वम्,असहिष्ये,असहिष्यावहि,असहिष्यामहि,सहिषीष्ट,सहिषीयास्ताम्,सहिषीरन्,सहिषीष्ठाः,सहिषीयास्थाम्,सहिषीध्वम्,सहिषीय,सहिषीवहि,सहिषीमहि,सेहे,सेहाते,सेहिरे,सेहिषे,सेहाथे,सेहिध्वे,सेहे,सेहिवहे,सेहिमहे,असहिष्ट,असहिषाताम्,असहिषत,असहिष्ठाः,असहिषाथाम्,असहिध्वम्,असहिषि,असहिष्वहि,असहिष्महि
12,जि,जीतना,भ्वादिगण,परस्मैपदी,,जयति,जयतः,जयन्ति,जयसि,जयथः,जयथ,जयामि,जयावः,जयामः,जयतु,जयताम्,जयन्तु,जय,जयतम्,जयत,जयानि,जयाव,जयाम,अजयत्,अजयताम्,अजयन्,अजयः,अजयतम्,अजयत,अजयम्,अजयाव,अजयाम,जयेत्,जयेताम्,जयेयुः,जयेः,जयेतम्,जयेत,जयेयम्,जयेव,जयेम,जेता,जेतारौ,जेतारः,जेतासि,जेतास्थः,जेतास्थ,जेतास्मि,जेतास्वः,जेतास्मः,जेष्यति,जेष्यतः,जेष्यन्ति,जेष्यसि,जेष्यथः,जेष्यथ,जेष्यामि,जेष्यावः,जेष्यामः,अजेष्यत्,अजेष्यताम्,अजेष्यन्,अजेष्यः,अजेष्यतम्,अजेष्यत,अजेष्यम्,अजेष्याव,अजेष्याम,जीयात्,जीयास्ताम्,जीयासुः,जीयाः,जीयास्तम्,जीयास्त,जीयासम्,जीयास्व,जीयास्म,जिगाय,जिग्यतुः,जिग्युः,जिगयिथ/जिगेथ,जिग्यथुः,जिग्य,जिगाय/जिगय,जिग्यिव,जिग्यिम,अजैषीत्,अजैष्टाम्,अजैषुः,अजैषीः,अजैष्टम्,अजैष्ट,अजैषम्,अजैष्व,अजैष्म
15,त्यज्,छोड़ना,भ्वादिगण,परस्मैपदी,,त्यजति,त्यजतः,त्यजन्ति,त्यजसि,त्यजथः,त्यजथ,त्यजामि,त्यजावः,त्यजामः,त्यजतु,त्यजताम्,त्यजन्तु,त्यज,त्यजतम्,त्यजत,त्यजानि,त्यजाव,त्यजाम,अत्यजत्,अत्यजताम्,अत्यजन्,अत्यजः,अत्यजतम्,अत्यजत,अत्यजम्,अत्यजाव,अत्यजाम,त्यजेत्,त्यजेताम्,त्यजेयुः,त्यजेः,त्यजेतम्,त्यजेत,त्यजेयम्,त्यजेव,त्यजेम,त्यक्ता,त्यक्तारौ,त्यक्तारः,त्यक्तासि,त्यक्तास्थः,त्यक्तास्थ,त्यक्तास्मि,त्यक्तास्वः,त्यक्तास्मः,त्यक्ष्यति,त्यक्ष्यतः,त्यक्ष्यन्ति,त्यक्ष्यसि,त्यक्ष्यथः,त्यक्ष्यथ,त्यक्ष्यामि,त्यक्ष्यावः,त्यक्ष्यामः,अत्यक्ष्यत्,अत्यक्ष्यताम्,अत्यक्ष्यन्,अत्यक्ष्यः,अत्यक्ष्यतम्,अत्यक्ष्यत,अत्यक्ष्यम्,अत्यक्ष्याव,अत्यक्ष्याम,त्यज्यात्,त्यज्यास्ताम्,त्यज्यासुः,त्यज्याः,त्यज्यास्तम्,त्यज्यास्त,त्यज्यासम्,त्यज्यास्व,त्यज्यास्म,तत्याज,तत्यजतुः,तत्यजुः,तत्यजिथ/तत्यक्थ,तत्यजथुः,तत्यज,तत्यज/तत्याज,तत्यजिव,तत्यजिम,अत्याक्षीत्,अत्याक्ताम्,अत्याक्षुः,अत्याक्षीः,अत्याक्तम्,अत्याक्त,अत्याक्षम्,अत्याक्ष्व,अत्याक्ष्म
23,शास्,शिक्षा देना,अदादिगण,परस्मैपदी,,शास्ति,शिष्टः,शासति,शास्सि,शिष्टः,शिष्ट,शास्मि,शिष्वः,शिष्मः,शास्तु,शिष्टाम्,शासतु,शाधि,शिष्टम्,शिष्ट,शासानि,शासाव,शासाम,अशात्,अशिष्टाम्,अशासुः,अशाः/अशात्,अशिष्टम्,अशिष्ट,अशासम्,अशिष्व,अशिष्म,शिष्यात्,शिष्याताम्,शिष्युः,शिष्याः,शिष्यातम्,शिष्यात,शिष्याम्,शिष्याव,शिष्याम,शासिता,शासितारौ,शासितारः,शासितासि,शासितास्थः,शासितास्थ,शासितास्मि,शासितास्वः,शासितास्मः,शासिष्यति,शासिष्यतः,शासिष्यन्ति,शासिष्यसि,शासिष्यथः,शासिष्यथ,शासिष्यामि,शासिष्यावः,शासिष्यामः,अशासिष्यत्,अशासिष्यताम्,अशासिष्यन्,अशासिष्यः,अशासिष्यतम्,अशासिष्यत,अशासिष्यम्,अशासिष्याव,अशासिष्याम,शिष्यात्,शिष्यास्ताम्,शिष्यासुः,शिष्याः,शिष्यास्तम्,शिष्यास्त,शिष्यासम्,शिष्यास्व,शिष्यास्म,शशास,शशासतुः,शशासुः,शशासिथ,शशासथुः,शशास,शशास,शशासिव,शशासिम,अशिषत्,अशिषताम्,अशिषन्,अशिषः,अशिषतम्,अशिषत,अशिषम्,अशिषाव,अशिषाम
26,या,जाना,अदादिगण,परस्मैपदी,,याति,यातः,यान्ति,यासि,याथः,याथ,यामि,यावः,यामः,यातु,याताम्,यान्तु,याहि,यातम्,यात,यानि,याव,याम,अयात्,अयाताम्,अयान्/अयुः,अयाः,अयातम्,अयात,अयाम्,अयाव,अयाम,यायात्,यायाताम्,यायुः,यायाः,यायातम्,यायात,यायाम्,यायाव,यायाम,याता,यातारौ,यातारः,यातासि,यातास्थः,यातास्थ,यातास्मि,यातास्वः,यातास्मः,यास्यति,यास्यतः,यास्यन्ति,यास्यसि,यास्यथः,यास्यथ,यास्यामि,यास्यावः,यास्यामः,अयास्यत्,अयास्यताम्,अयास्यन्,अयास्यः,अयास्यतम्,अयास्यत,अयास्यम्,अयास्याव,अयास्याम,यायात्,यायास्ताम्,यायासुः,यायाः,यायास्तम्,यायास्त,यायासम्,यायास्व,यायास्म,ययौ,ययतुः,ययुः,ययिथ/ययाथ,ययथुः,यय,ययौ,ययिव,ययिम,अयासीत्,अयासिष्टाम्,अयासिषुः,अयासीः,अयासिष्टम्,अयासिष्ट,अयासिषम्,अयासिष्व,अयासिष्म
26,पा,रक्षा करना,अदादिगण,परस्मैपदी,,पाति,पातः,पान्ति,पासि,पाथः,पाथ,पामि,पावः,पामः,पातु,पाताम्,पान्तु,पाहि,पातम्,पात,पानि,पाव,पाम,अपात्,अपाताम्,अपान्/अपुः,अपाः,अपातम्,अपात,अपाम्,अपाव,अपाम,पायात्,पायाताम्,पायुः,पायाः,पायातम्,पायात,पायाम्,पायाव,पायाम,पाता,पातारौ,पातारः,पातासि,पातास्थः,पातास्थ,पातास्मि,पातास्वः,पातास्मः,पास्यति,पास्यतः,पास्यन्ति,पास्यसि,पास्यथः,पास्यथ,पास्यामि,पास्यावः,पास्यामः,अपास्यत्,अपास्यताम्,अपास्यन्,अपास्यः,अपास्यतम्,अपास्यत,अपास्यम्,अपास्याव,अपास्याम,पायात्,पायास्ताम्,पायासुः,पायाः,पायास्तम्,पायास्त,पायासम्,पायास्व,पायास्म,पपौ,पपतुः,पपुः,पपिथ/पपाथ,पपथुः,पप,पपौ,पपिव,पपिम,अपासीत्,अपासिष्टाम्,अपासिषुः,अपासीः,अपासिष्टम्,अपासिष्ट,अपासिषम्,अपासिष्व,अपासिष्म
28,रुद्,रोना,अदादिगण,परस्मैपदी,,रोदिति,रुदितः,रुदन्ति,रोदिषि,रुदिथः,रुदिथ,रोदिामि,रुदिावः,रुदिामः,रोदितु,रुदिताम्,रुदन्तु,रुदिहि,रुदितम्,रुदित,रोदानि,रोदाव,रोदाम,अरोदीत्/अरोदत्,अरुदिताम्,अरुदन्,अरोदीः/अरोदः,अरुदितम्,अरुदित,अरोदम्,अरुदिव,अरुदिम,रुद्यात्,रुद्याताम्,रुद्युः,रुद्याः,रुद्यातम्,रुद्यात,रुद्याम्,रुद्याव,रुद्याम,रोदिता,रोदितारौ,रोदितारः,रोदितासि,रोदितास्थः,रोदितास्थ,रोदितास्मि,रोदितास्वः,रोदितास्मः,रोदिष्यति,रोदिष्यतः,रोदिष्यन्ति,रोदिष्यसि,रोदिष्यथः,रोदिष्यथ,रोदिष्यामि,रोदिष्यावः,रोदिष्यामः,अरोदिष्यत्,अरोदिष्यताम्,अरोदिष्यन्,अरोदिष्यः,अरोदिष्यतम्,अरोदिष्यत,अरोदिष्यम्,अरोदिष्याव,अरोदिष्याम,रुद्यात्,रुद्यास्ताम्,रुद्यासुः,रुद्याः,रुद्यास्तम्,रुद्यास्त,रुद्यासम्,रुद्यास्व,रुद्यास्म,रुरोद,रुरुदतुः,रुरुदुः,रुरोदिथ,रुरुदथुः,रुरुद,रुरोद,रुरुदिव,रुरुदिम,अरोदीत्/अरुदत्,अरोदिष्टाम्/अरुदताम्,अरोदिषुः/अरुदन्,अरोदीः/अरुदः,अरोदिष्टम्/अरुदतम्,अरोदिष्ट/अरुदत,अरोदिषम्/अरुदम्,अरोदिष्व/अरुदाव,अरोदिष्म/अरुदाम
32,शी,सोना,अदादिगण,आत्मनेपदि,,शेते,शयाते,शेरते,शेषे,शयाथे,शेध्वे,शये,शेवहे,शेमहे,शेताम्,शयाताम्,शेरताम्,शेष्व,शयाथाम्,शेध्वम्,शयै,शयावहै,शयामहै,अशेत,अशयाताम्,अशेरत,अशेथाः,अशयाथाम्,अशेध्वम्,अशयि,अशेवहि,अशेमहि,शयीत,शयीयाताम्,शयीरन्,शयीथाः,शयीयाथाम्,शयीध्वम्,शयीय,शयीवहि,शयीमहि,शयिता,शयितारौ,शयितारः,शयितासे,शयितासाथे,शयिताध्वे,शयिताहे,शयितास्वहे,शयितास्महे,शयिष्यते,शयिष्येते,शयिष्यन्ते,शयिष्यसे,शयिष्येथे,शयिष्यध्वे,शयिष्ये,शयिष्यावहे,शयिष्यामहे,अशयिष्यत,अशयिष्येताम्,अशयिष्यन्त,अशयिष्यथाः,अशयिष्येथाम्,अशयिष्यध्वम्,अशयिष्ये,अशयिष्यावहि,अशयिष्यामहि,शयिषीष्ट,शयिषीयास्ताम्,शयिषीरन्,शयिषीष्ठाः,शयिषीयास्थाम्,शयिषीध्वम्,शयिषीय,शयिषीवहि,शयिषीमहि,शिश्ये,शिश्याते,शिश्यिरे,शिश्यिषे,शिश्याथे,शिश्यिध्वे,शिश्ये,शिश्यवहे,शिश्यमहे,अशयिष्ट,अशयिषाताम्,अशयिषत,अशयिष्ठाः,अशयिषाथाम्,अशयिध्वम्,अशयिषि,अशयिष्वहि,अशयिष्महि
